<?xml version="1.0" encoding="utf-8"?>
<modification>
	<name><![CDATA[<font color="#263238"><b>Materialize Theme — russian settings</b></font>]]></name>
	<code>materialize-theme-russian-settings</code>
	<version>0.77.4</version>
	<author><![CDATA[<font color="#263238"><b>Trydalcoholic</b></font>]]></author>
	<link>https://github.com/trydalcoholic</link>
	<!-- Default option -->
	<file path="admin/language/ru-ru/catalog/product.php">
		<operation error="skip">
			<search><![CDATA[<?php]]></search>
			<add position="after"><![CDATA[$_['entry_default_option']	= 'По умолчанию';]]></add>
		</operation>
	</file>
	<!-- Blog -->
	<file path="catalog/language/ru-ru/common/header.php">
		<operation error="skip">
			<search><![CDATA[<?php]]></search>
			<add position="after"><![CDATA[$_['text_blog']	= 'Блог';]]></add>
		</operation>
	</file>
	<file path="admin/language/ru-ru/common/column_left.php">
		<operation error="skip">
			<search><![CDATA[<?php]]></search>
			<add position="after"><![CDATA[
			$_['text_blog']				= 'Блог';
			$_['text_blog_category']	= 'Категории';
			$_['text_blog_post']		= 'Посты';
			$_['text_blog_author']		= 'Авторы';
			$_['text_blog_comment']		= 'Комментарии';
			]]></add>
		</operation>
	</file>
	<!-- Additional Fields -->
	<file path="admin/language/ru-ru/catalog/product.php">
		<operation error="skip">
			<search><![CDATA[<?php]]></search>
			<add position="after"><![CDATA[
			$_['entry_title_additional']		= 'Название поля';
			$_['button_additionalfield_add']	= 'Добавить поле';
			$_['tab_additionalfield']			= 'Дополнительные поля';
			]]></add>
		</operation>
	</file>
	<!-- Size Chart -->
	<file path="admin/language/ru-ru/catalog/product.php">
		<operation error="skip">
			<search><![CDATA[<?php]]></search>
			<add position="after"><![CDATA[$_['entry_size_chart'] = 'Таблица размеров';]]></add>
		</operation>
	</file>
	<file path="catalog/language/ru-ru/product/product.php">
		<operation error="skip">
			<search><![CDATA[<?php]]></search>
			<add position="after"><![CDATA[$_['text_size_chart']	= 'Таблица размеров';]]></add>
		</operation>
	</file>
	<!-- Checking email -->
	<file path="catalog/language/ru-ru/{information,checkout,affiliate,account}/{contact,checkout,register,login,edit}*.php">
		<operation error="skip">
			<search><![CDATA[<?php]]></search>
			<add position="after"><![CDATA[
			$_['text_email_error']		= 'Ошибка при вводе E-mail';
			$_['text_email_success']	= 'E-mail введён верно';
			]]></add>
		</operation>
	</file>
	<!-- Russian language settings Materialize -->
	<file path="catalog/language/ru-ru/common/header.php">
		<operation error="skip">
			<search><![CDATA[<?php]]></search>
			<add position="after"><![CDATA[
			$_['text_contact']		= 'Контакты';
			$_['text_about']		= 'О нас';
			$_['text_delivery']		= 'Доставка';
			$_['text_call_back']	= 'Звонок с сайта';
			$_['text_call_free']	= 'Звонок бесплатный';
			]]></add>
		</operation>
	</file>
	<file path="catalog/language/ru-ru/common/footer.php">
		<operation error="skip">
			<search><![CDATA[<?php]]></search>
			<add position="after"><![CDATA[$_['text_social_network']	= 'Мы в соцсетях';]]></add>
		</operation>
		<operation error="skip">
			<search><![CDATA[<a target="_blank" href="]]></search>
			<add position="replace"><![CDATA[<a target="_blank" rel="noopener" href="]]></add>
		</operation>
	</file>
	<file path="catalog/language/ru-ru/common/cart.php">
		<operation error="skip">
			<search><![CDATA[<?php]]></search>
			<add position="after"><![CDATA[
			$_['text_shopping_cart']	= 'Ваша корзина';
			$_['text_cat_says']			= 'Давай помогу тебе потратить деньги :)';
			]]></add>
		</operation>
	</file>
	<file path="catalog/language/ru-ru/product/search.php">
		<operation error="skip">
			<search><![CDATA[<?php]]></search>
			<add position="after"><![CDATA[
			$_['text_searched']			= 'Вы искали:';
			$_['text_refine']			= 'Уточнить категорию';
			$_['text_sort_short']		= 'Сортировать';
			$_['text_percent']			= 'Скидка';
			$_['text_more_detailed']	= 'Подробнее';
			]]></add>
		</operation>
	</file>
	<file path="catalog/language/ru-ru/product/category.php">
		<operation error="skip">
			<search><![CDATA[<?php]]></search>
			<add position="after"><![CDATA[
			$_['text_sort_short']		= 'Сортировать';
			$_['text_percent']			= 'Скидка';
			$_['text_more_detailed']	= 'Подробнее';
			$_['entry_instock']			= 'Показывать только в наличии';
			]]></add>
		</operation>
	</file>
	<file path="catalog/language/ru-ru/product/product.php">
		<operation error="skip">
			<search><![CDATA[<?php]]></search>
			<add position="after"><![CDATA[
			$_['text_category']					= 'Категория:';
			$_['text_bonus_points']				= 'бонусных баллов за покупку';
			$_['text_end_promotion']			= 'Акция закончится';
			$_['text_payment_method']			= 'Оплата наличными и банковскими картами';
			$_['text_percent']					= 'Скидка';
			$_['text_more_detailed']			= 'Подробнее';
			$_['text_sku']						= 'Артикул:';
			$_['text_weight']					= 'Вес:';
			// PhotoSwipe
			$_['button_share']					= 'Поделиться';
			$_['button_pswp_close']				= 'Закрыть (Esc)';
			$_['button_pswp_toggle_fullscreen']	= 'Включить полноэкранный режим';
			$_['button_pswp_zoom']				= 'Увеличить/уменьшить';
			$_['button_pswp_prev']				= 'Предыдущая (стрелка влево)';
			$_['button_pswp_next']				= 'Следующая (стрелка вправо)';
			]]></add>
		</operation>
	</file>
	<file path="catalog/language/ru-ru/product/manufacturer.php">
		<operation error="skip">
			<search><![CDATA[<?php]]></search>
			<add position="after"><![CDATA[
			$_['text_manufacturers_starting']	= 'Все производители, начинающиеся на';
			$_['text_view_all_products']		= 'Посмотреть все товары';
			$_['text_sort_short']				= 'Сортировать';
			$_['text_percent']					= 'Скидка';
			$_['text_more_detailed']			= 'Подробнее';
			]]></add>
		</operation>
	</file>
	<file path="catalog/language/ru-ru/product/special.php">
		<operation error="skip">
			<search><![CDATA[<?php]]></search>
			<add position="after"><![CDATA[
			$_['text_sort_short']		= 'Сортировать';
			$_['text_percent']			= 'Скидка';
			$_['text_more_detailed']	= 'Подробнее';
			]]></add>
		</operation>
	</file>
	<file path="catalog/language/ru-ru/extension/module/{latest,bestseller,featured,special}*.php">
		<operation error="skip">
			<search><![CDATA[<?php]]></search>
			<add position="after"><![CDATA[
			$_['text_percent']			= 'Скидка';
			$_['text_more_detailed']	= 'Подробнее';
			]]></add>
		</operation>
	</file>
	<file path="catalog/language/ru-ru/product/compare.php">
		<operation error="skip">
			<search><![CDATA[<?php]]></search>
			<add position="after"><![CDATA[$_['text_comparison_list']      = 'Сравнение товаров';]]></add>
		</operation>
	</file>
	<!-- Cart button -->
	<file path="admin/language/ru-ru/catalog/product.php">
		<operation error="skip">
			<search><![CDATA[<?php]]></search>
			<add position="after"><![CDATA[$_['entry_cart']	= 'Кнопка корзины';]]></add>
		</operation>
	</file>
	<!-- Custom Tabs -->
	<file path="admin/language/ru-ru/catalog/product.php">
		<operation error="skip">
			<search><![CDATA[<?php]]></search>
			<add position="after"><![CDATA[
			$_['entry_title']			= 'Название вкладки';
			$_['button_customtab_add']	= 'Добавить вкладку';
			$_['tab_customtab']			= 'Дополнительные вкладки';
			$_['text_apply']			= 'Применить';
			]]></add>
		</operation>
	</file>
	<!-- Apply button -->
	<file path="admin/language/ru-ru/catalog/category.php">
		<operation error="skip">
			<search><![CDATA[<?php]]></search>
			<add position="after"><![CDATA[$_['text_apply']	= 'Применить';]]></add>
		</operation>
	</file>
</modification>