<?xml version="1.0" encoding="utf-8"?>
<modification>
	<name><![CDATA[<font color="#263238"><b>Materialize Theme — russian settings</b></font>]]></name>
	<code>materialize-theme-russian-settings</code>
	<version>0.78</version>
	<author><![CDATA[<font color="#263238"><b>Trydalcoholic</b></font>]]></author>
	<link>//goo.gl/pSwwUR</link>
	<!-- Timing -->
	<file path="catalog/language/ru-ru/product/product.php">
		<operation error="skip">
			<search><![CDATA[<?php]]></search>
			<add position="after"><![CDATA[
			// Months Full
			$_['text_months_full_january']		= 'Января';
			$_['text_months_full_february']		= 'Февраля';
			$_['text_months_full_march']		= 'Марта';
			$_['text_months_full_april']		= 'Апреля';
			$_['text_months_full_may']			= 'Мая';
			$_['text_months_full_june']			= 'Июня';
			$_['text_months_full_july']			= 'Июля';
			$_['text_months_full_august']		= 'Августа';
			$_['text_months_full_september']	= 'Сентября';
			$_['text_months_full_october']		= 'Октября';
			$_['text_months_full_november']		= 'Ноября';
			$_['text_months_full_december']		= 'Декабря';

			// Months Short
			$_['text_months_short_january']		= 'Янв';
			$_['text_months_short_february']	= 'Фев';
			$_['text_months_short_march']		= 'Мар';
			$_['text_months_short_april']		= 'Апр';
			$_['text_months_short_may']			= 'Май';
			$_['text_months_short_june']		= 'Июн';
			$_['text_months_short_july']		= 'Июл';
			$_['text_months_short_august']		= 'Авг';
			$_['text_months_short_september']	= 'Сен';
			$_['text_months_short_october']		= 'Окт';
			$_['text_months_short_november']	= 'Ноя';
			$_['text_months_short_december']	= 'Дек';

			// Weekdays Full
			$_['text_weekdays_full_sunday']		= 'Воскресенье';
			$_['text_weekdays_full_monday']		= 'Понедельник';
			$_['text_weekdays_full_tuesday']	= 'Вторник';
			$_['text_weekdays_full_wednesday']	= 'Среда';
			$_['text_weekdays_full_thursday']	= 'Четверг';
			$_['text_weekdays_full_friday']		= 'Пятница';
			$_['text_weekdays_full_saturday']	= 'Суббота';

			// Weekdays Short
			$_['text_weekdays_short_sunday']	= 'Вс';
			$_['text_weekdays_short_monday']	= 'Пн';
			$_['text_weekdays_short_tuesday']	= 'Вт';
			$_['text_weekdays_short_wednesday']	= 'Ср';
			$_['text_weekdays_short_thursday']	= 'Чт';
			$_['text_weekdays_short_friday']	= 'Пт';
			$_['text_weekdays_short_saturday']	= 'Сб';

			// Buttons
			$_['button_date_today']				= 'Сегодня';
			$_['button_time_done']				= 'Выбрать';
			$_['button_datetime_clear']			= 'Очистить';
			$_['button_datetime_done']			= 'Закрыть';

			// Settings
			$_['twelve_hour']					= 'false';
			$_['first_day']						= 1;
			]]></add>
		</operation>
	</file>
	<!-- Call Back -->
	<file path="admin/language/ru-ru/common/column_left.php">
		<operation error="skip">
			<search><![CDATA[<?php]]></search>
			<add position="after"><![CDATA[$_['text_callback']	= 'Обратный звонок';]]></add>
		</operation>
	</file>
	<file path="catalog/language/ru-ru/common/header.php">
		<operation error="skip">
			<search><![CDATA[<?php]]></search>
			<add position="after"><![CDATA[$_['text_call_back']	= 'Звонок с сайта';]]></add>
		</operation>
	</file>
	<!-- Custom map -->
	<file path="catalog/language/ru-ru/information/contact.php">
		<operation error="skip">
			<search><![CDATA[<?php]]></search>
			<add position="after"><![CDATA[$_['text_view_map']	= 'Посмотреть на карте';]]></add>
		</operation>
	</file>
	<!-- Default option -->
	<file path="admin/language/ru-ru/catalog/product.php">
		<operation error="skip">
			<search><![CDATA[<?php]]></search>
			<add position="after"><![CDATA[$_['entry_default_option']	= 'По умолчанию';]]></add>
		</operation>
	</file>
	<!-- Blog -->
	<file path="catalog/language/ru-ru/common/header.php">
		<operation error="skip">
			<search><![CDATA[<?php]]></search>
			<add position="after"><![CDATA[$_['text_blog']	= 'Блог';]]></add>
		</operation>
	</file>
	<file path="admin/language/ru-ru/common/column_left.php">
		<operation error="skip">
			<search><![CDATA[<?php]]></search>
			<add position="after"><![CDATA[
			$_['text_blog']				= 'Блог';
			$_['text_blog_category']	= 'Категории';
			$_['text_blog_post']		= 'Посты';
			$_['text_blog_author']		= 'Авторы';
			$_['text_blog_comment']		= 'Комментарии';
			]]></add>
		</operation>
	</file>
	<!-- Additional Fields -->
	<file path="admin/language/ru-ru/catalog/product.php">
		<operation error="skip">
			<search><![CDATA[<?php]]></search>
			<add position="after"><![CDATA[
			$_['entry_title_additional']		= 'Название поля';
			$_['button_additionalfield_add']	= 'Добавить поле';
			$_['tab_additionalfield']			= 'Дополнительные поля';
			]]></add>
		</operation>
	</file>
	<!-- Size Chart -->
	<file path="admin/language/ru-ru/catalog/product.php">
		<operation error="skip">
			<search><![CDATA[<?php]]></search>
			<add position="after"><![CDATA[$_['entry_size_chart'] = 'Таблица размеров';]]></add>
		</operation>
	</file>
	<file path="catalog/language/ru-ru/product/product.php">
		<operation error="skip">
			<search><![CDATA[<?php]]></search>
			<add position="after"><![CDATA[$_['text_size_chart']	= 'Таблица размеров';]]></add>
		</operation>
	</file>
	<!-- Checking email -->
	<file path="catalog/language/ru-ru/{information,checkout,affiliate,account}/{contact,checkout,register,login,edit}*.php">
		<operation error="skip">
			<search><![CDATA[<?php]]></search>
			<add position="after"><![CDATA[
			$_['text_email_error']		= 'Ошибка при вводе E-mail';
			$_['text_email_success']	= 'E-mail введён верно';
			]]></add>
		</operation>
	</file>
	<!-- Russian language settings Materialize -->
	<file path="catalog/language/ru-ru/common/header.php">
		<operation error="skip">
			<search><![CDATA[<?php]]></search>
			<add position="after"><![CDATA[
			$_['text_contact']		= 'Контакты';
			$_['text_about']		= 'О нас';
			$_['text_delivery']		= 'Доставка';
			]]></add>
		</operation>
	</file>
	<file path="catalog/language/ru-ru/common/footer.php">
		<operation error="skip">
			<search><![CDATA[<a target="_blank" href="]]></search>
			<add position="replace"><![CDATA[<a target="_blank" rel="noopener" href="]]></add>
		</operation>
	</file>
	<file path="catalog/language/ru-ru/common/cart.php">
		<operation error="skip">
			<search><![CDATA[<?php]]></search>
			<add position="after"><![CDATA[
			$_['text_shopping_cart']	= 'Ваша корзина';
			$_['text_cat_says']			= 'Давай помогу тебе потратить деньги :)';
			]]></add>
		</operation>
	</file>
	<file path="catalog/language/ru-ru/product/search.php">
		<operation error="skip">
			<search><![CDATA[<?php]]></search>
			<add position="after"><![CDATA[
			$_['text_searched']			= 'Вы искали:';
			$_['text_refine']			= 'Уточнить категорию';
			$_['text_sort_short']		= 'Сортировать';
			$_['text_percent']			= 'Скидка';
			$_['text_more_detailed']	= 'Подробнее';
			]]></add>
		</operation>
	</file>
	<file path="catalog/language/ru-ru/product/category.php">
		<operation error="skip">
			<search><![CDATA[<?php]]></search>
			<add position="after"><![CDATA[
			$_['text_sort_short']		= 'Сортировать';
			$_['text_percent']			= 'Скидка';
			$_['text_more_detailed']	= 'Подробнее';
			$_['entry_instock']			= 'Показывать только в наличии';
			]]></add>
		</operation>
	</file>
	<file path="catalog/language/ru-ru/product/product.php">
		<operation error="skip">
			<search><![CDATA[<?php]]></search>
			<add position="after"><![CDATA[
			$_['text_category']					= 'Категория';
			$_['text_bonus_points']				= 'бонусных баллов за покупку';
			$_['text_end_promotion']			= 'Акция закончится';
			$_['text_percent']					= 'Скидка';
			$_['text_more_detailed']			= 'Подробнее';
			$_['text_sku']						= 'Артикул';
			$_['text_weight']					= 'Вес';
			// PhotoSwipe
			$_['button_share']					= 'Поделиться';
			$_['button_pswp_close']				= 'Закрыть (Esc)';
			$_['button_pswp_toggle_fullscreen']	= 'Включить полноэкранный режим';
			$_['button_pswp_zoom']				= 'Увеличить/уменьшить';
			$_['button_pswp_prev']				= 'Предыдущая (стрелка влево)';
			$_['button_pswp_next']				= 'Следующая (стрелка вправо)';
			]]></add>
		</operation>
	</file>
	<file path="catalog/language/ru-ru/product/manufacturer.php">
		<operation error="skip">
			<search><![CDATA[<?php]]></search>
			<add position="after"><![CDATA[
			$_['text_manufacturers_starting']	= 'Все производители, начинающиеся на';
			$_['text_view_all_products']		= 'Посмотреть все товары';
			$_['text_sort_short']				= 'Сортировать';
			$_['text_percent']					= 'Скидка';
			$_['text_more_detailed']			= 'Подробнее';
			]]></add>
		</operation>
	</file>
	<file path="catalog/language/ru-ru/product/special.php">
		<operation error="skip">
			<search><![CDATA[<?php]]></search>
			<add position="after"><![CDATA[
			$_['text_sort_short']		= 'Сортировать';
			$_['text_percent']			= 'Скидка';
			$_['text_more_detailed']	= 'Подробнее';
			]]></add>
		</operation>
	</file>
	<file path="catalog/language/ru-ru/extension/module/{latest,bestseller,featured,special}*.php">
		<operation error="skip">
			<search><![CDATA[<?php]]></search>
			<add position="after"><![CDATA[
			$_['text_percent']			= 'Скидка';
			$_['text_more_detailed']	= 'Подробнее';
			]]></add>
		</operation>
	</file>
	<file path="catalog/language/ru-ru/common/header.php">
		<operation error="skip">
			<search><![CDATA[<?php]]></search>
			<add position="after"><![CDATA[$_['text_comparison_list']	= 'Сравнение товаров';]]></add>
		</operation>
	</file>
	<!-- Cart button -->
	<file path="admin/language/ru-ru/catalog/product.php">
		<operation error="skip">
			<search><![CDATA[<?php]]></search>
			<add position="after"><![CDATA[$_['entry_cart']	= 'Кнопка корзины';]]></add>
		</operation>
	</file>
	<!-- Custom Tabs -->
	<file path="admin/language/ru-ru/catalog/product.php">
		<operation error="skip">
			<search><![CDATA[<?php]]></search>
			<add position="after"><![CDATA[
			$_['entry_title']			= 'Название вкладки';
			$_['button_customtab_add']	= 'Добавить вкладку';
			$_['tab_customtab']			= 'Дополнительные вкладки';
			$_['text_apply']			= 'Применить';
			]]></add>
		</operation>
	</file>
	<!-- Apply button -->
	<file path="admin/language/ru-ru/catalog/category.php">
		<operation error="skip">
			<search><![CDATA[<?php]]></search>
			<add position="after"><![CDATA[$_['text_apply']	= 'Применить';]]></add>
		</operation>
	</file>
</modification>