<?xml version="1.0" encoding="utf-8"?>
<modification>
	<name><![CDATA[<font color="#263238"><b>Materialize Theme — romana settings</b></font>]]></name>
	<code>materialize-theme-romana-settings</code>
	<version>0.78</version>
	<author><![CDATA[<font color="#263238"><b>Trydalcoholic</b></font>]]></author>
	<link>//goo.gl/pSwwUR</link>
	<!-- Timing -->
	<file path="catalog/language/ro-ro/product/product.php">
		<operation error="skip">
			<search><![CDATA[<?php]]></search>
			<add position="after"><![CDATA[
			// Months Full
			$_['text_months_full_january']		= 'Ianuarie';
			$_['text_months_full_february']		= 'Februarie';
			$_['text_months_full_march']		= 'Martie';
			$_['text_months_full_april']		= 'Aprilie';
			$_['text_months_full_may']			= 'Mai';
			$_['text_months_full_june']			= 'Iunie';
			$_['text_months_full_july']			= 'Iulie';
			$_['text_months_full_august']		= 'August';
			$_['text_months_full_september']	= 'Septembrie';
			$_['text_months_full_october']		= 'Octombrie';
			$_['text_months_full_november']		= 'Noiembrie';
			$_['text_months_full_december']		= 'Decembrie';

			// Months Short
			$_['text_months_short_january']		= 'Ian';
			$_['text_months_short_february']	= 'Feb';
			$_['text_months_short_march']		= 'Mar';
			$_['text_months_short_april']		= 'Apr';
			$_['text_months_short_may']			= 'Mai';
			$_['text_months_short_june']		= 'Iun';
			$_['text_months_short_july']		= 'Iul';
			$_['text_months_short_august']		= 'Aug';
			$_['text_months_short_september']	= 'Sep';
			$_['text_months_short_october']		= 'Oct';
			$_['text_months_short_november']	= 'Noi';
			$_['text_months_short_december']	= 'Dec';

			// Weekdays Full
			$_['text_weekdays_full_sunday']		= 'Duminică';
			$_['text_weekdays_full_monday']		= 'Luni';
			$_['text_weekdays_full_tuesday']	= 'Marţi';
			$_['text_weekdays_full_wednesday']	= 'Miercuri';
			$_['text_weekdays_full_thursday']	= 'Joi';
			$_['text_weekdays_full_friday']		= 'Vineri';
			$_['text_weekdays_full_saturday']	= 'Sâmbătă';

			// Weekdays Short
			$_['text_weekdays_short_sunday']	= 'D';
			$_['text_weekdays_short_monday']	= 'L';
			$_['text_weekdays_short_tuesday']	= 'Ma';
			$_['text_weekdays_short_wednesday']	= 'Mi';
			$_['text_weekdays_short_thursday']	= 'J';
			$_['text_weekdays_short_friday']	= 'V';
			$_['text_weekdays_short_saturday']	= 'S';

			// Buttons
			$_['button_date_today']				= 'Astăzi';
			$_['button_time_done']				= 'Selectați';
			$_['button_datetime_clear']			= 'Clar';
			$_['button_datetime_done']			= 'Închide';

			// Settings
			$_['twelve_hour']					= 'true';
			$_['first_day']						= 1;
			]]></add>
		</operation>
	</file>
	<!-- Call Back -->
	<file path="admin/language/ro-ro/common/column_left.php">
		<operation error="skip">
			<search><![CDATA[<?php]]></search>
			<add position="after"><![CDATA[$_['text_callback']	= 'Suna inapoi';]]></add>
		</operation>
	</file>
	<file path="catalog/language/ro-ro/common/header.php">
		<operation error="skip">
			<search><![CDATA[<?php]]></search>
			<add position="after"><![CDATA[$_['text_call_back']	= 'Solicita apel';]]></add>
		</operation>
	</file>
	<!-- Custom map -->
	<file path="catalog/language/ro-ro/information/contact.php">
		<operation error="skip">
			<search><![CDATA[<?php]]></search>
			<add position="after"><![CDATA[$_['text_view_map']	= 'Vizualizați pe hartă';]]></add>
		</operation>
	</file>
	<!-- Default option -->
	<file path="admin/language/ro-ro/catalog/product.php">
		<operation error="skip">
			<search><![CDATA[<?php]]></search>
			<add position="after"><![CDATA[$_['entry_default_option']	= 'Default';]]></add>
		</operation>
	</file>
	<!-- Blog -->
	<file path="catalog/language/ro-ro/common/header.php">
		<operation error="skip">
			<search><![CDATA[<?php]]></search>
			<add position="after"><![CDATA[$_['text_blog']	= 'Blog';]]></add>
		</operation>
	</file>
	<file path="admin/language/ro-ro/common/column_left.php">
		<operation error="skip">
			<search><![CDATA[<?php]]></search>
			<add position="after"><![CDATA[
			$_['text_blog']				= 'Blog';
			$_['text_blog_category']	= 'Categorii';
			$_['text_blog_post']		= 'Posturi';
			$_['text_blog_author']		= 'Autori';
			$_['text_blog_comment']		= 'Comentarii';
			]]></add>
		</operation>
	</file>
	<!-- Additional Fields -->
	<file path="admin/language/ro-ro/catalog/product.php">
		<operation error="skip">
			<search><![CDATA[<?php]]></search>
			<add position="after"><![CDATA[
			$_['entry_title_additional']		= 'Titlul câmpului';
			$_['button_additionalfield_add']	= 'Adăugați câmp';
			$_['tab_additionalfield']			= 'Câmpuri suplimentare';
			]]></add>
		</operation>
	</file>
	<!-- Size Chart -->
	<file path="admin/language/ro-ro/catalog/product.php">
		<operation error="skip">
			<search><![CDATA[<?php]]></search>
			<add position="after"><![CDATA[$_['entry_size_chart']	= 'Tabel cu marimi';]]></add>
		</operation>
	</file>
	<file path="catalog/language/ro-ro/product/product.php">
		<operation error="skip">
			<search><![CDATA[<?php]]></search>
			<add position="after"><![CDATA[$_['text_size_chart']	= 'Tabel cu marimi';]]></add>
		</operation>
	</file>
	<!-- Checking email -->
	<file path="catalog/language/ro-ro/{information,checkout,affiliate,account}/{contact,checkout,register,login,edit}*.php">
		<operation error="skip">
			<search><![CDATA[<?php]]></search>
			<add position="after"><![CDATA[
			$_['text_email_error']		= 'E-mail gresit';
			$_['text_email_success']	= 'E-mailul este valabil';
			]]></add>
		</operation>
	</file>
	<!-- Romana language settings Materialize -->
	<file path="catalog/language/ro-ro/common/header.php">
		<operation error="skip">
			<search><![CDATA[<?php]]></search>
			<add position="after"><![CDATA[
			$_['text_contact']		= 'Contact';
			$_['text_about']		= 'Despre noi';
			$_['text_delivery']		= 'Livrare';
			]]></add>
		</operation>
	</file>
	<file path="catalog/language/ro-ro/common/footer.php">
		<operation error="skip">
			<search><![CDATA[<a target="_blank" href="]]></search>
			<add position="replace"><![CDATA[<a target="_blank" rel="noopener" href="]]></add>
		</operation>
	</file>
	<file path="catalog/language/ro-ro/common/cart.php">
		<operation error="skip">
			<search><![CDATA[<?php]]></search>
			<add position="after"><![CDATA[
			$_['text_shopping_cart']	= 'Cos de cumparaturi';
			$_['text_cat_says']			= 'Te ajut sa iti cheltuiesti banii :)';
			]]></add>
		</operation>
	</file>
	<file path="catalog/language/ro-ro/product/search.php">
		<operation error="skip">
			<search><![CDATA[<?php]]></search>
			<add position="after"><![CDATA[
			$_['text_searched']			= 'Ai cautat:';
			$_['text_refine']			= 'defineste categoria';
			$_['text_sort_short']		= 'Sorteaza';
			$_['text_percent']			= 'Discount';
			$_['text_more_detailed']	= 'Mai multe detalii';
			]]></add>
		</operation>
	</file>
	<file path="catalog/language/ro-ro/product/category.php">
		<operation error="skip">
			<search><![CDATA[<?php]]></search>
			<add position="after"><![CDATA[
			$_['text_sort_short']		= 'Sorteaza';
			$_['text_percent']			= 'Discount';
			$_['text_more_detailed']	= 'Mai multe detalii';
			$_['entry_instock']			= 'Arata doar in stoc';
			]]></add>
		</operation>
	</file>
	<file path="catalog/language/ro-ro/product/product.php">
		<operation error="skip">
			<search><![CDATA[<?php]]></search>
			<add position="after"><![CDATA[
			$_['text_category']					= 'Categorie';
			$_['text_bonus_points']				= 'puncte bonus la cumparare';
			$_['text_end_promotion']			= 'Oferta expira pe';
			$_['text_percent']					= 'Discount';
			$_['text_more_detailed']			= 'Mai multe detalii';
			$_['text_sku']						= 'SKU';
			$_['text_weight']					= 'Greutate';
			// PhotoSwipe
			$_['button_share']					= 'Acțiune';
			$_['button_pswp_close']				= 'Închide (Esc)';
			$_['button_pswp_toggle_fullscreen']	= 'Comutare la ecran complet';
			$_['button_pswp_zoom']				= 'Măriți / micșorați';
			$_['button_pswp_prev']				= 'Înainte (săgeată stânga)';
			$_['button_pswp_next']				= 'Înainte (dreapta pe săgeată)';
			]]></add>
		</operation>
	</file>
	<file path="catalog/language/ro-ro/product/manufacturer.php">
		<operation error="skip">
			<search><![CDATA[<?php]]></search>
			<add position="after"><![CDATA[
			$_['text_manufacturers_starting']	= 'Toti producatorii cu';
			$_['text_view_all_products']		= 'Vezi toate produsele';
			$_['text_sort_short']				= 'Sorteaza';
			$_['text_percent']					= 'Discount';
			$_['text_more_detailed']			= 'Mai multe detalii';
			]]></add>
		</operation>
	</file>
	<file path="catalog/language/ro-ro/product/special.php">
		<operation error="skip">
			<search><![CDATA[<?php]]></search>
			<add position="after"><![CDATA[
			$_['text_sort_short']		= 'Sorteaza';
			$_['text_percent']			= 'Discount';
			$_['text_more_detailed']	= 'Mai multe detalii';
			]]></add>
		</operation>
	</file>
	<file path="catalog/language/ro-ro/extension/module/{latest,bestseller,featured,special}*.php">
		<operation error="skip">
			<search><![CDATA[<?php]]></search>
			<add position="after"><![CDATA[
			$_['text_percent']			= 'Discount';
			$_['text_more_detailed']	= 'Mai multe detalii';
			]]></add>
		</operation>
	</file>
	<file path="catalog/language/ro-ro/common/header.php">
		<operation error="skip">
			<search><![CDATA[<?php]]></search>
			<add position="after"><![CDATA[$_['text_comparison_list']	= 'Lista comparare';]]></add>
		</operation>
	</file>
	<!-- Cart button -->
	<file path="admin/language/ro-ro/catalog/product.php">
		<operation error="skip">
			<search><![CDATA[<?php]]></search>
			<add position="after"><![CDATA[$_['entry_cart']	= 'Buton cos';]]></add>
		</operation>
	</file>
	<!-- Custom Tabs -->
	<file path="admin/language/ro-ro/catalog/product.php">
		<operation error="skip">
			<search><![CDATA[<?php]]></search>
			<add position="after"><![CDATA[
			$_['entry_title']			= 'Titlu filei';
			$_['button_customtab_add']	= 'Adauga fila';
			$_['tab_customtab']			= 'Fila personalizata';
			$_['text_apply']			= 'Aplica';
			]]></add>
		</operation>
	</file>
	<!-- Apply button -->
	<file path="admin/language/ro-ro/catalog/category.php">
		<operation error="skip">
			<search><![CDATA[<?php]]></search>
			<add position="after"><![CDATA[$_['text_apply']	= 'Aplica';]]></add>
		</operation>
	</file>
</modification>