<?xml version="1.0" encoding="utf-8"?>
<modification>
	<name><![CDATA[<font color="#263238"><b>Materialize Theme</b></font>]]></name>
	<code>materialize-theme</code>
	<version>1.0</version>
	<author><![CDATA[<font color="#263238"><b>Trydalcoholic</b></font>]]></author>
	<link>https://github.com/trydalcoholic</link>
	<!-- Filter -->
	<file path="catalog/model/catalog/product.php">
		<operation error="log">
			<search><![CDATA[$sql .= " AND pf.filter_id IN (" . implode(',', $implode) . ")";]]></search>
			<add position="after"><![CDATA[
			$minq=$this->db->query("SELECT id.product_id FROM(SELECT product_id, count(i.product_id) as t, c.filter_group as b FROM (SELECT f.filter_id, f.product_id, p.filter_group_id FROM ". DB_PREFIX ."product_filter f left join ". DB_PREFIX ."filter p ON p.filter_id = f.filter_id where p.filter_id IN (" . implode(',', $implode) . ") GROUP BY product_id , filter_group_id) as i, (select count(distinct filter_group_id) as filter_group from ". DB_PREFIX ."filter_description f_b WHERE f_b.filter_id in (" . implode(',', $implode) . ")) as c GROUP BY product_id HAVING t = b) as id");
			$min = array();
			for ($x = 0; $x < count($minq->rows); $x++){
				foreach($minq->rows[$x] as $value){
					$min[]=$value;
				}
			}
			$imp = implode(',',$min);
			]]></add>
		</operation>
		<operation error="log">
			<search><![CDATA[$sql .= " AND p.manufacturer_id = '" . (int)$data['filter_manufacturer_id'] . "'";]]></search>
			<add position="after" offset="1"><![CDATA[
			if(isset($filters)) {
				if(!count($min)) {
					$imp='0000000';
				}
				$sql .= " AND p.product_id IN(".$imp.")";
			}
			]]></add>
		</operation>
	</file>
	<!-- Subcategory chip -->
	<file path="catalog/controller/product/category.php">
		<operation error="log">
			<search><![CDATA[$data['categories'][] = array(]]></search>
			<add position="replace" offset="3"><![CDATA[
			if ($result['image']) {
				$image = $this->model_tool_image->resize($result['image'], 32, 32);
			} else {
				$image = '';
			}

			$data['categories'][] = array(
				'name' => $result['name'] . ($this->config->get('config_product_count') ? ' (' . $this->model_catalog_product->getTotalProducts($filter_data) . ')' : ''),
				'href' => $this->url->link('product/category', 'path=' . $this->request->get['path'] . '_' . $result['category_id'] . $url),
				'thumb' => $image
			);
			]]></add>
		</operation>
	</file>
	<!-- Sort by availability -->
	<file path="catalog/model/catalog/product.php">
		<operation error="log">
			<search><![CDATA[$sql .= " ORDER BY LCASE(" . $data['sort'] . ")";]]></search>
			<add position="replace"><![CDATA[
			$sql .= " ORDER BY (p.quantity>0) DESC, LCASE(" . $data['sort'] . ")";
			]]></add>
		</operation>
		<operation error="log">
			<search><![CDATA[$sql .= " ORDER BY (CASE WHEN special IS NOT NULL THEN special WHEN discount IS NOT NULL THEN discount ELSE p.price END)";]]></search>
			<add position="replace"><![CDATA[
			$sql .= " ORDER BY (p.quantity>0) DESC, (CASE WHEN special IS NOT NULL THEN special WHEN discount IS NOT NULL THEN discount ELSE p.price END)";
			]]></add>
		</operation>
		<operation error="log">
			<search><![CDATA[$sql .= " ORDER BY " . $data['sort'];]]></search>
			<add position="replace"><![CDATA[
			$sql .= " ORDER BY (p.quantity>0) DESC," . $data['sort'];
			]]></add>
		</operation>
		<operation error="log">
			<search><![CDATA[$sql .= " ORDER BY p.sort_order";]]></search>
			<add position="replace"><![CDATA[
			$sql .= " ORDER BY (p.quantity>0) DESC, p.sort_order";
			]]></add>
		</operation>
	</file>
	<!-- Instock on category page -->
	<file path="catalog/controller/product/category.php">
		<operation error="log">
			<search><![CDATA[$data['breadcrumbs'] = array();]]></search>
			<add position="before"><![CDATA[
			if (isset($this->request->get['instock'])) {
				$instock = $this->request->get['instock'];
			} else {
				$instock = '';
			}
			]]></add>
		</operation>
		<operation error="log">
			<search><![CDATA[$filter,]]></search>
			<add position="after"><![CDATA[
			'filter_instock'     => $instock,
			]]></add>
		</operation>
		<operation error="log">
			<search><![CDATA[$data['limit'] = $limit;]]></search>
			<add position="after"><![CDATA[
			$data['url'] = html_entity_decode($this->url->link('product/category', 'path=' . $this->request->get['path'] . $url), ENT_QUOTES, 'UTF-8');
			$data['instock'] = $instock;
			]]></add>
		</operation>
	</file>
	<file path="catalog/model/catalog/product.php">
		<operation error="log">
			<search><![CDATA[if (!empty($data['filter_name']) || !empty($data['filter_tag'])) {]]></search>
			<add position="before"><![CDATA[
			if (!empty($data['filter_instock'])) {
				$sql .= " AND (p.stock_status_id = '7' OR p.quantity > 0)";
			}
			]]></add>
		</operation>
	</file>
	<!-- Image compression off -->
	<file path="system/library/image.php">
		<operation error="log">
			<search><![CDATA[public function save($file, $quality = 90) {]]></search>
			<add position="replace"><![CDATA[
			public function save($file) {
			]]></add>
		</operation>
		<operation error="log">
			<search><![CDATA[imagejpeg($this->image, $file, $quality);]]></search>
			<add position="replace"><![CDATA[
			imagejpeg($this->image, $file);
			]]></add>
		</operation>
	</file>
	<!-- Display weight in product card -->
	<file path="system/library/cart/weight.php">
		<operation error="log">
			<search><![CDATA[public function format($value, $weight_class_id, $decimal_point = '.', $thousand_point = ',') {]]></search>
			<add position="replace"><![CDATA[
			public function format($value, $weight_class_id, $decimal_point = '.', $thousand_point = '') {
			]]></add>
		</operation>
		<operation error="log">
			<search><![CDATA[return number_format($value, 2, $decimal_point, $thousand_point) . $this->weights[$weight_class_id]['unit'];]]></search>
			<add position="replace"><![CDATA[
			return number_format($value, 0, $decimal_point, $thousand_point) . $this->weights[$weight_class_id]['unit'];
			]]></add>
		</operation>
		<operation error="log">
			<search><![CDATA[return number_format($value, 2, $decimal_point, $thousand_point);]]></search>
			<add position="replace"><![CDATA[
			return number_format($value, 0, $decimal_point, $thousand_point);
			]]></add>
		</operation>
	</file>
	<file path="catalog/controller/product/product.php">
		<operation error="log">
			<search><![CDATA[$data['points'] = $product_info['points'];]]></search>
			<add position="after"><![CDATA[
			$data['weight'] = $this->weight->format($product_info['weight'], $product_info['weight_class_id']);
			]]></add>
		</operation>
	</file>
	<!-- Add badges in category product count -->
	<file path="catalog/controller/common/menu.php">
		<operation error="log">
			<search><![CDATA['name'  => $child['name'] . ($this->config->get('config_product_count') ? ' (' . $this->model_catalog_product->getTotalProducts($filter_data) . ')' : ''),]]></search>
			<add position="replace"><![CDATA[
			'name' => ($this->config->get('config_product_count') ? '<span class="new-badge" data-badge="' . $this->model_catalog_product->getTotalProducts($filter_data) . '">' . $child['name'] . '</span>' : $child['name']),
			]]></add>
		</operation>
	</file>
	<file path="catalog/controller/common/menu_side.php">
		<operation error="log">
			<search><![CDATA['name'  => $child['name'] . ($this->config->get('config_product_count') ? ' (' . $this->model_catalog_product->getTotalProducts($filter_data) . ')' : ''),]]></search>
			<add position="replace"><![CDATA[
			'name' => ($this->config->get('config_product_count') ? '<span class="new-badge" data-badge="' . $this->model_catalog_product->getTotalProducts($filter_data) . '">' . $child['name'] . '</span>' : $child['name']),
			]]></add>
		</operation>
	</file>
	<file path="catalog/controller/extension/module/category.php">
		<operation error="log">
			<search><![CDATA['name' => $child['name'] . ($this->config->get('config_product_count') ? ' (' . $this->model_catalog_product->getTotalProducts($filter_data) . ')' : ''),]]></search>
			<add position="replace"><![CDATA[
			'name' => ($this->config->get('config_product_count') ? '<span class="new-badge" data-badge="' . $this->model_catalog_product->getTotalProducts($filter_data) . '">' . $child['name'] . '</span>' : $child['name']),
			]]></add>
		</operation>
		<operation error="log">
			<search><![CDATA['name'        => $category['name'] . ($this->config->get('config_product_count') ? ' (' . $this->model_catalog_product->getTotalProducts($filter_data) . ')' : ''),]]></search>
			<add position="replace"><![CDATA[
			'name'        => ($this->config->get('config_product_count') ? '<span class="new-badge" data-badge="' . $this->model_catalog_product->getTotalProducts($filter_data) . '">' . $category['name'] . '</span>' : $category['name']),
			]]></add>
		</operation>
	</file>
	<!-- Related products -->
	<file path="admin/model/catalog/product.php">
		<operation error="log">
			<search><![CDATA[$this->db->query("DELETE FROM " . DB_PREFIX . "product_related WHERE product_id = '" . (int)$related_id . "' AND related_id = '" . (int)$product_id . "'");]]></search>
			<add position="replace"><![CDATA[
			// $this->db->query("DELETE FROM " . DB_PREFIX . "product_related WHERE product_id = '" . (int)$related_id . "' AND related_id = '" . (int)$product_id . "'");
			]]></add>
		</operation>
		<operation error="log">
			<search><![CDATA[$this->db->query("INSERT INTO " . DB_PREFIX . "product_related SET product_id = '" . (int)$related_id . "', related_id = '" . (int)$product_id . "'");]]></search>
			<add position="replace"><![CDATA[
			// $this->db->query("INSERT INTO " . DB_PREFIX . "product_related SET product_id = '" . (int)$related_id . "', related_id = '" . (int)$product_id . "'");
			]]></add>
		</operation>
		<operation error="log">
			<search><![CDATA[$this->db->query("DELETE FROM " . DB_PREFIX . "product_related WHERE related_id = '" . (int)$product_id . "'");]]></search>
			<add position="replace"><![CDATA[
			// $this->db->query("DELETE FROM " . DB_PREFIX . "product_related WHERE related_id = '" . (int)$product_id . "'");
			]]></add>
		</operation>
	</file>
	<!-- Favicon -->
	<file path="system/library/document.php">
		<operation error="log">
			<search><![CDATA[public function addLink($href, $rel) {]]></search>
			<add position="replace"><![CDATA[
			public function addLink($href, $rel, $type='', $sizes = '') {
			]]></add>
		</operation>
		<operation error="log">
			<search><![CDATA['rel'  => $rel]]></search>
			<add position="replace"><![CDATA[
			'rel'  => $rel,
			'type' => $type,
			'sizes' => $sizes
			]]></add>
		</operation>
	</file>
	<file path="catalog/controller/common/header.php">
		<operation error="log">
			<search><![CDATA[$this->document->addLink($server . 'image/' . $this->config->get('config_icon'), 'icon');]]></search>
			<add position="replace"><![CDATA[
			$this->load->model('tool/image');
			$icon_type = exif_imagetype($server . 'image/' . $this->config->get('config_icon'));
			if ($icon_type == 1) {$icon_type = 'image/gif';}
			if ($icon_type == 2) {$icon_type = 'image/jpeg';}
			if ($icon_type == 3) {$icon_type = 'image/png';}
			if ($icon_type == 17) {$icon_type = 'image/x-icon';}
			$this->document->addLink($this->model_tool_image->resize($this->config->get('config_icon'), 16, 16), 'icon', $icon_type, '16x16');
			$this->document->addLink($this->model_tool_image->resize($this->config->get('config_icon'), 32, 32), 'icon', $icon_type, '32x32');
			$this->document->addLink($this->model_tool_image->resize($this->config->get('config_icon'), 48, 48), 'icon', $icon_type, '48x48');
			$this->document->addLink($this->model_tool_image->resize($this->config->get('config_icon'), 96, 96), 'icon', $icon_type, '96x96');
			$this->document->addLink($this->model_tool_image->resize($this->config->get('config_icon'), 128, 128), 'icon', $icon_type, '128x128');
			$this->document->addLink($this->model_tool_image->resize($this->config->get('config_icon'), 160, 160), 'icon', $icon_type, '160x160');
			$this->document->addLink($this->model_tool_image->resize($this->config->get('config_icon'), 196, 196), 'icon', $icon_type, '196x196');
			$this->document->addLink($this->model_tool_image->resize($this->config->get('config_icon'), 228, 228), 'icon', $icon_type, '228x228');
			$this->document->addLink($this->model_tool_image->resize($this->config->get('config_icon'), 256, 256), 'icon', $icon_type, '256x256');
			$this->document->addLink($this->model_tool_image->resize($this->config->get('config_icon'), 512, 512), 'icon', $icon_type, '512x512');
			$this->document->addLink($this->model_tool_image->resize($this->config->get('config_icon'), 57, 57), 'apple-touch-icon', $icon_type, '57x57');
			$this->document->addLink($this->model_tool_image->resize($this->config->get('config_icon'), 60, 60), 'apple-touch-icon', $icon_type, '60x60');
			$this->document->addLink($this->model_tool_image->resize($this->config->get('config_icon'), 72, 72), 'apple-touch-icon', $icon_type, '72x72');
			$this->document->addLink($this->model_tool_image->resize($this->config->get('config_icon'), 76, 76), 'apple-touch-icon', $icon_type, '76x76');
			$this->document->addLink($this->model_tool_image->resize($this->config->get('config_icon'), 114, 114), 'apple-touch-icon', $icon_type, '114x114');
			$this->document->addLink($this->model_tool_image->resize($this->config->get('config_icon'), 120, 120), 'apple-touch-icon', $icon_type, '120x120');
			$this->document->addLink($this->model_tool_image->resize($this->config->get('config_icon'), 144, 144), 'apple-touch-icon', $icon_type, '144x144');
			$this->document->addLink($this->model_tool_image->resize($this->config->get('config_icon'), 152, 152), 'apple-touch-icon', $icon_type, '152x152');
			$this->document->addLink($this->model_tool_image->resize($this->config->get('config_icon'), 167, 167), 'apple-touch-icon', $icon_type, '167x167');
			$this->document->addLink($this->model_tool_image->resize($this->config->get('config_icon'), 180, 180), 'apple-touch-icon', $icon_type, '180x180');
			]]></add>
		</operation>
	</file>
	<!-- Live search -->
	<file path="catalog/controller/common/search.php">
		<operation error="log">
			<search><![CDATA[public function index() {]]></search>
			<add position="before"><![CDATA[
			public function autocomplete() {
				$json = array();

				if (isset($this->request->get['filter_name']) || isset($this->request->get['filter_model'])) {
					$this->load->model('catalog/product');
					$this->load->model('tool/image');

					if (isset($this->request->get['filter_name'])) {
						$filter_name = $this->request->get['filter_name'];
					} else {
						$filter_name = '';
					}

					if (isset($this->request->get['filter_model'])) {
						$filter_model = $this->request->get['filter_model'];
					} else {
						$filter_model = '';
					}

					if (isset($this->request->get['limit'])) {
						$limit = $this->request->get['limit'];
					} else {
						$limit = 5;
					}

					$filter_data = array(
						'filter_name'  => $filter_name,
						'filter_child' => 1,
						'start'        => 0,
						'limit'        => $limit
					);

					$results = $this->model_catalog_product->getProductsSearch($filter_data);

					foreach ($results as $result) {
						if (is_file(DIR_IMAGE . $result['image'])) {
							$image = $this->model_tool_image->resize($result['image'], 40, 40);
							$img ='<img src='.$image.' class="right circle">';
						} else {
							$image = $this->model_tool_image->resize('no_image.png', 40, 40);
							$img ='<img src='.$image.' class="right circle" width="40" height="40">';
						}
						$json[] = array(
							'product_id' => $result['product_id'],
							'name'       => strip_tags(html_entity_decode($result['name'], ENT_QUOTES, 'UTF-8')),
							'img'        => $img,
							'sku'	     => $result['sku'],
							'status'     => $result['status']
						);
					}
				}

				$this->response->addHeader('Content-Type: application/json');
				$this->response->setOutput(json_encode($json));
			}
			]]></add>
		</operation>
		<operation error="log">
			<search><![CDATA[public function index() {]]></search>
			<add position="after"><![CDATA[
			$data['product_path'] = $this->url->link('product/product');
			]]></add>
		</operation>
	</file>
	<file path="catalog/model/catalog/product.php">
		<operation error="log">
			<search><![CDATA[public function getProduct($product_id) {]]></search>
			<add position="before"><![CDATA[
			public function getProductsSearch($data = array()) {
				$sql="select distinct PD.product_id as product_id, PD.name as name,P.sku as sku, P.image as image,CD.name as category, P.status as status FROM " . DB_PREFIX . "product as P LEFT JOIN " . DB_PREFIX . "product_description as PD ON(P.product_id = PD.product_id) LEFT JOIN " . DB_PREFIX . "product_to_category as PTC ON(P.product_id = PTC.product_id) Left JOIN " . DB_PREFIX . "category_description as CD ON (PTC.category_id = CD.category_id) WHERE P.status = 1 AND (PD.name LIKE '%".$data['filter_name']."%' OR P.model LIKE '%".$data['filter_name']."%' OR P.sku LIKE '%".$data['filter_name']."%' OR CD.name LIKE '%".$data['filter_name']."%') GROUP BY P.product_id";

				if (isset($data['start']) || isset($data['limit'])) {
					if ($data['start'] < 0) {
						$data['start'] = 0;
					}
					if ($data['limit'] < 1) {
						$data['limit'] = 20;
					}
					$sql .= " LIMIT " . (int)$data['start'] . "," . (int)$data['limit'];
				}
				$query = $this->db->query($sql);
				return $query->rows;
			}
			]]></add>
		</operation>
	</file>
	<file path="catalog/controller/affiliate/tracking.php">
		<operation error="log">
			<search><![CDATA[$this->load->model('catalog/product');]]></search>
			<add position="after"><![CDATA[
			$this->load->model('tool/image');
			]]></add>
		</operation>
		<operation error="log">
			<search><![CDATA[$json[] = array(]]></search>
			<add position="before"><![CDATA[
			if (is_file(DIR_IMAGE . $result['image'])) {
				$image = $this->model_tool_image->resize($result['image'], 40, 40);
				$img ='<img src='.$image.' class="right circle">';
			} else {
				$image = $this->model_tool_image->resize('no_image.png', 40, 40);
				$img ='<img src='.$image.' class="right circle" width="40" height="40">';
			}
			]]></add>
		</operation>
		<operation error="log">
			<search><![CDATA['name' => strip_tags(html_entity_decode($result['name'], ENT_QUOTES, 'UTF-8')),]]></search>
			<add position="after"><![CDATA[
			'img'        => $img,
			]]></add>
		</operation>
	</file>
	<!-- Update price -->
	<file path="catalog/controller/product/product.php">
		<operation error="log">
			<search><![CDATA[public function getRecurringDescription() {]]></search>
			<add position="before"><![CDATA[
			public function updatePrice() {
				$json = array();

				$this->load->model('catalog/product');

				$product_info = $this->model_catalog_product->getProduct($this->request->get['product_id']);
				$option_price = 0;

				if(isset($this->request->post['option']) && $this->request->post['option']) {
					foreach($this->request->post['option'] as $product_option_id => $value) {
						$result = $this->model_catalog_product->getUpdateOptionsList($this->request->get['product_id'], $product_option_id);
						if($result) {
							if($result['type'] == 'select' || $result['type'] == 'radio') {
								$option_values = $this->model_catalog_product->getUpdateOptionValues($value, $product_option_id);
								if($option_values) {
									if ($option_values['price_prefix'] == '+') {
										$option_price += $option_values['price'];
									} elseif ($option_values['price_prefix'] == '-') {
										$option_price -= $option_values['price'];
									}
								}
							} elseif ($result['type'] == 'checkbox' && is_array($value)) {
								foreach ($value as $product_option_value_id) {
									$option_values = $this->model_catalog_product->getUpdateOptionChcekboxValues($product_option_value_id, $product_option_id);
									if($option_values) {
										if ($option_values['price_prefix'] == '+') {
											$option_price += $option_values['price'];
										} elseif ($option_values['price_prefix'] == '-') {
											$option_price -= $option_values['price'];
										}
									}
								}
							}
						}
					}
				}

				$price = $product_info['price'];
				$new_price_found = 0;

				$discount_amount = $this->model_catalog_product->getDiscountAmountForUpdatePrice($this->request->get['product_id'], $this->request->post['quantity']);

				if ($discount_amount) {
					$price = $discount_amount;
				}

				if ($product_info['special']) {
					$price = $product_info['special'];
					$new_price_found = 1;
				}

				$total_price = $price + $option_price;

				$unit_price = $this->tax->calculate($total_price, $product_info['tax_class_id'], $this->config->get('config_tax'));
				$total = $this->currency->format($unit_price * $this->request->post['quantity'], $this->session->data['currency']);

				$unit_tax = $this->tax->calculate($product_info['price'], $product_info['tax_class_id'], $this->config->get('config_tax'));
				$tax_total = $this->currency->format(((float)$product_info['special'] ? ($product_info['special'] + $option_price) : ($product_info['price'] + $option_price)) * $this->request->post['quantity'], $this->session->data['currency']);

				$json['total_price'] = $total;
				$json['new_price_found'] = $new_price_found;
				$json['tax_price'] = $tax_total;
				$this->response->addHeader('Content-Type: application/json');
				$this->response->setOutput(json_encode($json));
			}
			]]></add>
		</operation>
	</file>
	<file path="catalog/model/catalog/product.php">
		<operation error="log">
			<search><![CDATA[public function getTotalProductSpecials() {]]></search>
			<add position="before"><![CDATA[
			public function getUpdateOptionsList($product_id, $product_option_id) {
				$option_query = $this->db->query("SELECT po.product_option_id, po.option_id, od.name, o.type FROM " . DB_PREFIX . "product_option po LEFT JOIN `" . DB_PREFIX . "option` o ON (po.option_id = o.option_id) LEFT JOIN " . DB_PREFIX . "option_description od ON (o.option_id = od.option_id) WHERE po.product_option_id = '" . (int)$product_option_id . "' AND po.product_id = '" . (int)$product_id . "' AND od.language_id = '" . (int)$this->config->get('config_language_id') . "'");
				if($option_query->num_rows) {
					return $option_query->row;
				} else {
					return '';
				}
			}

			public function getUpdateOptionValues($value, $product_option_id) {
				$option_value_query = $this->db->query("SELECT pov.option_value_id, ovd.name, pov.quantity, pov.subtract, pov.price, pov.price_prefix, pov.points, pov.points_prefix, pov.weight, pov.weight_prefix FROM " . DB_PREFIX . "product_option_value pov LEFT JOIN " . DB_PREFIX . "option_value ov ON (pov.option_value_id = ov.option_value_id) LEFT JOIN " . DB_PREFIX . "option_value_description ovd ON (ov.option_value_id = ovd.option_value_id) WHERE pov.product_option_value_id = '" . (int)$value . "' AND pov.product_option_id = '" . (int)$product_option_id . "' AND ovd.language_id = '" . (int)$this->config->get('config_language_id') . "'");
				if($option_value_query->num_rows) {
					return $option_value_query->row;
				} else {
					return '';
				}
			}

			public function getUpdateOptionChcekboxValues($product_option_value_id, $product_option_id) {
				$option_value_query = $this->db->query("SELECT pov.option_value_id, ovd.name, pov.quantity, pov.subtract, pov.price, pov.price_prefix, pov.points, pov.points_prefix, pov.weight, pov.weight_prefix FROM " . DB_PREFIX . "product_option_value pov LEFT JOIN " . DB_PREFIX . "option_value ov ON (pov.option_value_id = ov.option_value_id) LEFT JOIN " . DB_PREFIX . "option_value_description ovd ON (ov.option_value_id = ovd.option_value_id) WHERE pov.product_option_value_id = '" . (int)$product_option_value_id . "' AND pov.product_option_id = '" . (int)$product_option_id . "' AND ovd.language_id = '" . (int)$this->config->get('config_language_id') . "'");
				if($option_value_query->num_rows) {
					return $option_value_query->row;
				} else {
					return '';
				}
			}

			public function getDiscountAmountForUpdatePrice($product_id, $quantity) {
				$product_discount_query = $this->db->query("SELECT price FROM " . DB_PREFIX . "product_discount WHERE product_id = '" . (int)$product_id . "' AND customer_group_id = '" . (int)$this->config->get('config_customer_group_id') . "' AND quantity <= '" . (int)$quantity . "' AND ((date_start = '0000-00-00' OR date_start < NOW()) AND (date_end = '0000-00-00' OR date_end > NOW())) ORDER BY quantity DESC, priority ASC, price ASC LIMIT 1");
				if($product_discount_query->num_rows) {
					return $product_discount_query->row['price'];
				} else {
					return '';
				}
			}
			]]></add>
		</operation>
	</file>
	<!-- Add side menu -->
	<file path="catalog/controller/common/header.php">
		<operation error="log">
			<search><![CDATA[$data['menu'] = $this->load->controller('common/menu');]]></search>
			<add position="after"><![CDATA[
			$data['menu_side'] = $this->load->controller('common/menu_side');
			]]></add>
		</operation>
	</file>
	<!-- Add side search -->
	<file path="catalog/controller/common/header.php">
		<operation error="log">
			<search><![CDATA[$data['menu'] = $this->load->controller('common/menu');]]></search>
			<add position="after"><![CDATA[
			$data['search_side'] = $this->load->controller('common/search_side');
			]]></add>
		</operation>
	</file>
	<!-- Add CallBack -->
	<file path="catalog/controller/common/header.php">
		<operation error="log">
			<search><![CDATA[$data['menu'] = $this->load->controller('common/menu');]]></search>
			<add position="before"><![CDATA[
			$data['callback'] = $this->load->controller('mail/callback');
			]]></add>
		</operation>
	</file>
	<!-- Add base64 loader -->
	<file path="catalog/controller/common/cart.php">
		<operation error="log">
			<search><![CDATA[public function index() {]]></search>
			<add position="after"><![CDATA[
			$data['img_loader'] = 'data:image/gif;base64,R0lGODlhAQABAAAAACH5BAEKAAEALAAAAAABAAEAAAICTAEAOw==';
			]]></add>
		</operation>
	</file>
	<file path="catalog/controller/product/category.php">
		<operation error="log">
			<search><![CDATA[public function index() {]]></search>
			<add position="after"><![CDATA[
			$data['img_loader'] = 'data:image/gif;base64,R0lGODlhAQABAAAAACH5BAEKAAEALAAAAAABAAEAAAICTAEAOw==';
			]]></add>
		</operation>
	</file>
	<file path="catalog/controller/product/compare.php">
		<operation error="log">
			<search><![CDATA[public function index() {]]></search>
			<add position="after"><![CDATA[
			$data['img_loader'] = 'data:image/gif;base64,R0lGODlhAQABAAAAACH5BAEKAAEALAAAAAABAAEAAAICTAEAOw==';
			]]></add>
		</operation>
	</file>
	<file path="catalog/controller/product/manufacturer.php">
		<operation error="log">
			<search><![CDATA[public function index() {]]></search>
			<add position="after"><![CDATA[
			$data['img_loader'] = 'data:image/gif;base64,R0lGODlhAQABAAAAACH5BAEKAAEALAAAAAABAAEAAAICTAEAOw==';
			]]></add>
		</operation>
		<operation error="log">
			<search><![CDATA[public function info() {]]></search>
			<add position="after"><![CDATA[
			$data['img_loader'] = 'data:image/gif;base64,R0lGODlhAQABAAAAACH5BAEKAAEALAAAAAABAAEAAAICTAEAOw==';
			]]></add>
		</operation>
	</file>
	<file path="catalog/controller/product/product.php">
		<operation error="log">
			<search><![CDATA[public function index() {]]></search>
			<add position="after"><![CDATA[
			$data['img_loader'] = 'data:image/gif;base64,R0lGODlhAQABAAAAACH5BAEKAAEALAAAAAABAAEAAAICTAEAOw==';
			]]></add>
		</operation>
		<operation error="log">
			<search><![CDATA[public function review() {]]></search>
			<add position="after"><![CDATA[
			$data['img_loader'] = 'data:image/gif;base64,R0lGODlhAQABAAAAACH5BAEKAAEALAAAAAABAAEAAAICTAEAOw==';
			]]></add>
		</operation>
	</file>
	<file path="catalog/controller/product/search.php">
		<operation error="log">
			<search><![CDATA[public function index() {]]></search>
			<add position="after"><![CDATA[
			$data['img_loader'] = 'data:image/gif;base64,R0lGODlhAQABAAAAACH5BAEKAAEALAAAAAABAAEAAAICTAEAOw==';
			]]></add>
		</operation>
	</file>
	<file path="catalog/controller/product/special.php">
		<operation error="log">
			<search><![CDATA[public function index() {]]></search>
			<add position="after"><![CDATA[
			$data['img_loader'] = 'data:image/gif;base64,R0lGODlhAQABAAAAACH5BAEKAAEALAAAAAABAAEAAAICTAEAOw==';
			]]></add>
		</operation>
	</file>
	<file path="catalog/controller/extension/module/latest.php">
		<operation error="log">
			<search><![CDATA[public function index($setting) {]]></search>
			<add position="after"><![CDATA[
			$data['img_loader'] = 'data:image/gif;base64,R0lGODlhAQABAAAAACH5BAEKAAEALAAAAAABAAEAAAICTAEAOw==';
			]]></add>
		</operation>
	</file>
	<file path="catalog/controller/extension/module/carousel.php">
		<operation error="log">
			<search><![CDATA[public function index($setting) {]]></search>
			<add position="after"><![CDATA[
			$data['img_loader'] = 'data:image/gif;base64,R0lGODlhAQABAAAAACH5BAEKAAEALAAAAAABAAEAAAICTAEAOw==';
			]]></add>
		</operation>
	</file>
	<file path="catalog/controller/extension/module/banner.php">
		<operation error="log">
			<search><![CDATA[public function index($setting) {]]></search>
			<add position="after"><![CDATA[
			$data['img_loader'] = 'data:image/gif;base64,R0lGODlhAQABAAAAACH5BAEKAAEALAAAAAABAAEAAAICTAEAOw==';
			]]></add>
		</operation>
	</file>
	<file path="catalog/controller/extension/module/bestseller.php">
		<operation error="log">
			<search><![CDATA[public function index($setting) {]]></search>
			<add position="after"><![CDATA[
			$data['img_loader'] = 'data:image/gif;base64,R0lGODlhAQABAAAAACH5BAEKAAEALAAAAAABAAEAAAICTAEAOw==';
			]]></add>
		</operation>
	</file>
	<file path="catalog/controller/extension/module/featured.php">
		<operation error="log">
			<search><![CDATA[public function index($setting) {]]></search>
			<add position="after"><![CDATA[
			$data['img_loader'] = 'data:image/gif;base64,R0lGODlhAQABAAAAACH5BAEKAAEALAAAAAABAAEAAAICTAEAOw==';
			]]></add>
		</operation>
	</file>
	<file path="catalog/controller/extension/module/special.php">
		<operation error="log">
			<search><![CDATA[public function index($setting) {]]></search>
			<add position="after"><![CDATA[
			$data['img_loader'] = 'data:image/gif;base64,R0lGODlhAQABAAAAACH5BAEKAAEALAAAAAABAAEAAAICTAEAOw==';
			]]></add>
		</operation>
	</file>
	<file path="catalog/controller/checkout/cart.php">
		<operation error="log">
			<search><![CDATA[public function index() {]]></search>
			<add position="after"><![CDATA[
			$data['img_loader'] = 'data:image/gif;base64,R0lGODlhAQABAAAAACH5BAEKAAEALAAAAAABAAEAAAICTAEAOw==';
			]]></add>
		</operation>
	</file>
	<!-- Common language settings Materialize -->
	<file path="catalog/controller/common/header.php">
		<operation error="skip">
			<search><![CDATA[$data['name'] = $this->config->get('config_name');]]></search>
			<add position="after"><![CDATA[
			$data['email'] = $this->config->get('config_email');
			$data['open'] = nl2br($this->config->get('config_open'));
			]]></add>
		</operation>
	</file>
	<file path="catalog/controller/common/footer.php">
		<operation error="skip">
			<search><![CDATA[$data['powered'] = sprintf($this->language->get('text_powered'), $this->config->get('config_name'), date('Y', time()));]]></search>
			<add position="after"><![CDATA[
			$data['email'] = $this->config->get('config_email');
			]]></add>
		</operation>
	</file>
	<file path="catalog/controller/common/cart.php">
		<operation error="log">
			<search><![CDATA[$data['text_items'] = sprintf($this->language->get('text_items'), $this->cart->countProducts() + (isset($this->session->data['vouchers']) ? count($this->session->data['vouchers']) : 0), $this->currency->format($total, $this->session->data['currency']));]]></search>
			<add position="replace"><![CDATA[
			$data['text_items'] = sprintf($this->cart->countProducts() + (isset($this->session->data['vouchers']) ? count($this->session->data['vouchers']) : 0));
			]]></add>
		</operation>
	</file>
	<file path="catalog/controller/checkout/cart.php">
		<operation error="log">
			<search><![CDATA[$json['total'] = sprintf($this->language->get('text_items'), $this->cart->countProducts() + (isset($this->session->data['vouchers']) ? count($this->session->data['vouchers']) : 0), $this->currency->format($total, $this->session->data['currency']));]]></search>
			<add position="replace"><![CDATA[
			$json['total'] = sprintf($this->cart->countProducts() + (isset($this->session->data['vouchers']) ? count($this->session->data['vouchers']) : 0));
			]]></add>
		</operation>
	</file>
	<file path="catalog/controller/product/compare.php">
		<operation error="log">
			<search><![CDATA[$json['total'] = sprintf($this->language->get('text_compare'), (isset($this->session->data['compare']) ? count($this->session->data['compare']) : 0));]]></search>
			<add position="replace"><![CDATA[
			$json['total'] = sprintf((isset($this->session->data['compare']) ? count($this->session->data['compare']) : 0));
			]]></add>
		</operation>
	</file>
	<!-- Add compare -->
	<file path="catalog/controller/common/header.php">
		<operation error="log">
			<search><![CDATA[$data['home'] = $this->url->link('common/home');]]></search>
			<add position="after"><![CDATA[
			$data['compare'] = $this->url->link('product/compare');
			$this->language->load('product/compare');
			$data['text_compare'] = sprintf((isset($this->session->data['compare']) ? count($this->session->data['compare']) : 0));
			]]></add>
		</operation>
	</file>
	<!-- Add category in product card -->
	<file path="catalog/controller/product/product.php">
		<operation error="log">
			<search><![CDATA[$this->document->setDescription($product_info['meta_description']);]]></search>
			<add position="replace"><![CDATA[
			$this->document->setDescription($product_info['meta_description']);
			$this->load->model('catalog/category');
			$catprod = array();
			$product_category = $this->model_catalog_product->getCategories($product_id);
			foreach ($product_category as $product_cat) {
				$category_info = $this->model_catalog_category->getCategory($product_cat['category_id']);
				if ($category_info) {
					$data['category_products'][] = array(
						'name'     => $category_info['name'],
						'href'     => $this->url->link('product/category', 'path=' . $category_info['category_id'])
					);
				}
			}
			]]></add>
		</operation>
	</file>
	<!-- SKU on product page -->
	<file path="catalog/controller/product/product.php">
		<operation error="log">
			<search><![CDATA[$data['points'] = $product_info['points'];]]></search>
			<add position="after"><![CDATA[
			$data['sku'] = $product_info['sku'];
			]]></add>
		</operation>
	</file>
	<!-- End of promotion -->
	<file path="catalog/model/catalog/product.php">
		<operation error="log">
			<search><![CDATA[public function getProducts($data = array()) {]]></search>
			<add position="before"><![CDATA[
			public function getProductSpec($product_id) {
				$sql = $this->db->query("SELECT ps.date_end FROM " . DB_PREFIX . "product_special ps WHERE product_id = '" . (int)$product_id . "' AND ((ps.date_start = '0000-00-00' OR ps.date_start < NOW()) AND (ps.date_end = '0000-00-00' OR ps.date_end > NOW())) ORDER BY ps.priority ASC");
				if ($sql->num_rows) {
					return $sql->row['date_end'];
				} else {
					return false;
				}
			}
			]]></add>
		</operation>
	</file>
	<file path="catalog/controller/product/product.php">
		<operation error="log">
			<search><![CDATA[$product_info = $this->model_catalog_product->getProduct($product_id);]]></search>
			<add position="after"><![CDATA[
			$data['product_spec'] = $this->model_catalog_product->getProductSpec($product_id);
			]]></add>
		</operation>
	</file>
	<!-- Other Materialize Settings -->
	<file path="catalog/controller/common/header.php">
		<operation error="log">
			<search><![CDATA[public function index() {]]></search>
			<add position="after"><![CDATA[
			$css = file_get_contents('catalog/view/theme/materialize/stylesheet/style.css');
			$css = preg_replace('!/\*[^*]*\*+([^/][^*]*\*+)*/!', '', $css);
			$css = str_replace(': ', ':', $css);
			$css = str_replace(array("\r\n", "\r", "\n", "\t", '  ', '    ', '    '), '', $css);
			$data['css'] = $css;
			]]></add>
		</operation>
	</file>
	<file path="catalog/controller/common/footer.php">
		<operation error="log">
			<search><![CDATA[$data['contact'] = $this->url->link('information/contact');]]></search>
			<add position="before"><![CDATA[
			$data['name'] = $this->config->get('config_name');
			]]></add>
		</operation>
	</file>
	<file path="catalog/controller/product/product.php">
		<operation error="log">
			<search><![CDATA[$data['points'] = $product_info['points'];]]></search>
			<add position="after"><![CDATA[
			$data['lang'] = $this->language->get('code');
			]]></add>
		</operation>
		<operation error="log">
			<search><![CDATA[$data['discounts'] = array();]]></search>
			<add position="after"><![CDATA[
			$data['meta_price'] = preg_replace('/[^0-9,.]/','',$data['price']);
			$data['meta_special'] = preg_replace('/[^0-9,.]/','',$data['special']);
			]]></add>
		</operation>
		<operation error="log">
			<search><![CDATA[$data['points'] = $product_info['points'];]]></search>
			<add position="after"><![CDATA[
			$data['pricecurrency'] = $this->session->data['currency'];
			]]></add>
		</operation>
		<operation error="log">
			<search><![CDATA[$data['rating'] = (int)$product_info['rating'];]]></search>
			<add position="after"><![CDATA[
			$data['reviewCount'] = sprintf((int)$product_info['reviews']);
			]]></add>
		</operation>
	</file>
	<!-- Getting category ID -->
	<file path="catalog/controller/common/menu.php">
		<operation error="log">
			<search><![CDATA[$data['categories'][] = array(]]></search>
			<add position="after"><![CDATA[
			'id'       => $category['category_id'],
			]]></add>
		</operation>
	</file>
	<!-- Disable button cart -->
	<file path="admin/controller/catalog/product.php">
		<operation error="log">
			<search><![CDATA[if (isset($this->request->post['status'])) {]]></search>
			<add position="before"><![CDATA[
			if (isset($this->request->post['add_cart'])) {
				$data['add_cart'] = $this->request->post['add_cart'];
			} else if (!empty($product_info)) {
				$data['add_cart'] = $product_info['add_cart'];
			} else {
				$data['add_cart'] = true;
			}
			]]></add>
		</operation>
	</file>
	<file path="admin/model/catalog/product.php">
		<operation error="log">
			<search><![CDATA[if (isset($data['image'])) {]]></search>
			<add position="before"><![CDATA[
			if (isset($data['add_cart'])) {
				$this->db->query("UPDATE " . DB_PREFIX . "product SET add_cart = '" . $this->db->escape($data['add_cart']) . "' WHERE product_id = '" . (int)$product_id . "'");
			}
			]]></add>
		</operation>
	</file>
	<file path="admin/view/template/catalog/product_form.twig">
		<operation error="log">
			<search><![CDATA[<label class="col-sm-2 control-label" for="input-status">{{ entry_status }}</label>]]></search>
			<add position="before" offset="1"><![CDATA[
			<div class="form-group">
				<label class="col-sm-2 control-label" for="input-cart">{{ entry_cart }}</label>
				<div class="col-sm-10">
					<select name="add_cart" id="input-cart" class="form-control">
						{% if status %}
						<option value="1" selected="selected">{{ text_enabled }}</option>
						<option value="0">{{ text_disabled }}</option>
						{% else %}
						<option value="1">{{ text_enabled }}</option>
						<option value="0" selected="selected">{{ text_disabled }}</option>
						{% endif %}
					</select>
				</div>
			</div>
			]]></add>
		</operation>
	</file>
	<file path="catalog/controller/product/product.php">
		<operation error="log">
			<search><![CDATA[$data['rating'] = (int)$product_info['rating'];]]></search>
			<add position="before"><![CDATA[
			$data['add_cart'] = (int)$product_info['add_cart'];
			]]></add>
		</operation>
		<operation error="log">
			<search><![CDATA['product_id'  => $result['product_id'],]]></search>
			<add position="before"><![CDATA[
			'add_cart'    => (int)$result['add_cart'],
			]]></add>
		</operation>
	</file>
	<file path="catalog/controller/product/manufacturer.php">
		<operation error="log">
			<search><![CDATA['product_id'  => $result['product_id'],]]></search>
			<add position="before"><![CDATA[
			'add_cart'    => (int)$result['add_cart'],
			]]></add>
		</operation>
	</file>
	<file path="catalog/controller/product/special.php">
		<operation error="log">
			<search><![CDATA['product_id'  => $result['product_id'],]]></search>
			<add position="before"><![CDATA[
			'add_cart'    => (int)$result['add_cart'],
			]]></add>
		</operation>
	</file>
	<file path="catalog/controller/product/category.php">
		<operation error="log">
			<search><![CDATA['product_id'  => $result['product_id'],]]></search>
			<add position="before"><![CDATA[
			'add_cart'    => (int)$result['add_cart'],
			]]></add>
		</operation>
	</file>
	<file path="catalog/controller/product/search.php">
		<operation error="log">
			<search><![CDATA['product_id'  => $result['product_id'],]]></search>
			<add position="before"><![CDATA[
			'add_cart'    => (int)$result['add_cart'],
			]]></add>
		</operation>
	</file>
	<file path="catalog/controller/product/compare.php">
		<operation error="log">
			<search><![CDATA['product_id'   => $product_info['product_id'],]]></search>
			<add position="before"><![CDATA[
			'add_cart'     => (int)$product_info['add_cart'],
			]]></add>
		</operation>
	</file>
	<file path="catalog/controller/extension/module/latest.php">
		<operation error="log">
			<search><![CDATA['product_id'  => $result['product_id'],]]></search>
			<add position="before"><![CDATA[
			'add_cart'    => (int)$result['add_cart'],
			]]></add>
		</operation>
	</file>
	<file path="catalog/controller/extension/module/special.php">
		<operation error="log">
			<search><![CDATA['product_id'  => $result['product_id'],]]></search>
			<add position="before"><![CDATA[
			'add_cart'    => (int)$result['add_cart'],
			]]></add>
		</operation>
	</file>
	<file path="catalog/controller/extension/module/bestseller.php">
		<operation error="log">
			<search><![CDATA['product_id'  => $result['product_id'],]]></search>
			<add position="before"><![CDATA[
			'add_cart'    => (int)$result['add_cart'],
			]]></add>
		</operation>
	</file>
	<file path="catalog/controller/extension/module/featured.php">
		<operation error="log">
			<search><![CDATA['product_id'  => $product_info['product_id'],]]></search>
			<add position="before"><![CDATA[
			'add_cart'    => (int)$product_info['add_cart'],
			]]></add>
		</operation>
	</file>
	<file path="catalog/controller/account/wishlist.php">
		<operation error="log">
			<search><![CDATA['product_id' => $product_info['product_id'],]]></search>
			<add position="before"><![CDATA[
			'add_cart'   => (int)$product_info['add_cart'],
			]]></add>
		</operation>
	</file>
	<file path="catalog/model/catalog/product.php">
		<operation error="log">
			<search><![CDATA['status'           => $query->row['status'],]]></search>
			<add position="after"><![CDATA[
			'add_cart'         => $query->row['add_cart'],
			]]></add>
		</operation>
	</file>
	<!-- Displays the discount percentage -->
	<file path="catalog/controller/product/product.php">
		<operation error="log">
			<search><![CDATA[$special = $this->currency->format($this->tax->calculate($result['special'], $result['tax_class_id'], $this->config->get('config_tax')), $this->session->data['currency']);]]></search>
			<add position="after"><![CDATA[
			$percent_discount = round(100-($result['special']/($result['price']/100)));
			]]></add>
		</operation>
		<operation error="log">
			<search><![CDATA[$special = false;]]></search>
			<add position="after"><![CDATA[
			$percent_discount = false;
			]]></add>
		</operation>
		<operation error="log">
			<search><![CDATA['special'     => $special,]]></search>
			<add position="after"><![CDATA[
			'percent_discount' => $percent_discount,
			]]></add>
		</operation>
	</file>
	<file path="catalog/controller/product/manufacturer.php">
		<operation error="log">
			<search><![CDATA[$special = $this->currency->format($this->tax->calculate($result['special'], $result['tax_class_id'], $this->config->get('config_tax')), $this->session->data['currency']);]]></search>
			<add position="after"><![CDATA[
			$percent_discount = round(100-($result['special']/($result['price']/100)));
			]]></add>
		</operation>
		<operation error="log">
			<search><![CDATA[$special = false;]]></search>
			<add position="after"><![CDATA[
			$percent_discount = false;
			]]></add>
		</operation>
		<operation error="log">
			<search><![CDATA['special'     => $special,]]></search>
			<add position="after"><![CDATA[
			'percent_discount' => $percent_discount,
			]]></add>
		</operation>
	</file>
	<file path="catalog/controller/product/search.php">
		<operation error="log">
			<search><![CDATA[$special = $this->currency->format($this->tax->calculate($result['special'], $result['tax_class_id'], $this->config->get('config_tax')), $this->session->data['currency']);]]></search>
			<add position="after"><![CDATA[
			$percent_discount = round(100-($result['special']/($result['price']/100)));
			]]></add>
		</operation>
		<operation error="log">
			<search><![CDATA[$special = false;]]></search>
			<add position="after"><![CDATA[
			$percent_discount = false;
			]]></add>
		</operation>
		<operation error="log">
			<search><![CDATA['special'     => $special,]]></search>
			<add position="after"><![CDATA[
			'percent_discount' => $percent_discount,
			]]></add>
		</operation>
	</file>
	<file path="catalog/controller/extension/module/featured.php">
		<operation error="log">
			<search><![CDATA[$special = $this->currency->format($this->tax->calculate($product_info['special'], $product_info['tax_class_id'], $this->config->get('config_tax')), $this->session->data['currency']);]]></search>
			<add position="after"><![CDATA[
			$percent_discount = round(100-($product_info['special']/($product_info['price']/100)));
			]]></add>
		</operation>
		<operation error="log">
			<search><![CDATA[$special = false;]]></search>
			<add position="after"><![CDATA[
			$percent_discount = false;
			]]></add>
		</operation>
		<operation error="log">
			<search><![CDATA['special'     => $special,]]></search>
			<add position="after"><![CDATA[
			'percent_discount' => $percent_discount,
			]]></add>
		</operation>
	</file>
	<file path="catalog/controller/extension/module/bestseller.php">
		<operation error="log">
			<search><![CDATA[$special = $this->currency->format($this->tax->calculate($result['special'], $result['tax_class_id'], $this->config->get('config_tax')), $this->session->data['currency']);]]></search>
			<add position="after"><![CDATA[
			$percent_discount = round(100-($result['special']/($result['price']/100)));
			]]></add>
		</operation>
		<operation error="log">
			<search><![CDATA[$special = false;]]></search>
			<add position="after"><![CDATA[
			$percent_discount = false;
			]]></add>
		</operation>
		<operation error="log">
			<search><![CDATA['special'     => $special,]]></search>
			<add position="after"><![CDATA[
			'percent_discount' => $percent_discount,
			]]></add>
		</operation>
	</file>
	<file path="catalog/controller/extension/module/latest.php">
		<operation error="log">
			<search><![CDATA[$special = $this->currency->format($this->tax->calculate($result['special'], $result['tax_class_id'], $this->config->get('config_tax')), $this->session->data['currency']);]]></search>
			<add position="after"><![CDATA[
			$percent_discount = round(100-($result['special']/($result['price']/100)));
			]]></add>
		</operation>
		<operation error="log">
			<search><![CDATA[$special = false;]]></search>
			<add position="after"><![CDATA[
			$percent_discount = false;
			]]></add>
		</operation>
		<operation error="log">
			<search><![CDATA['special'     => $special,]]></search>
			<add position="after"><![CDATA[
			'percent_discount' => $percent_discount,
			]]></add>
		</operation>
	</file>
	<file path="catalog/controller/extension/module/special.php">
		<operation error="log">
			<search><![CDATA[$special = $this->currency->format($this->tax->calculate($result['special'], $result['tax_class_id'], $this->config->get('config_tax')), $this->session->data['currency']);]]></search>
			<add position="after"><![CDATA[
			$percent_discount = round(100-($result['special']/($result['price']/100)));
			]]></add>
		</operation>
		<operation error="log">
			<search><![CDATA[$special = false;]]></search>
			<add position="after"><![CDATA[
			$percent_discount = false;
			]]></add>
		</operation>
		<operation error="log">
			<search><![CDATA['special'     => $special,]]></search>
			<add position="after"><![CDATA[
			'percent_discount' => $percent_discount,
			]]></add>
		</operation>
	</file>
	<file path="catalog/controller/product/category.php">
		<operation error="log">
			<search><![CDATA[$special = $this->currency->format($this->tax->calculate($result['special'], $result['tax_class_id'], $this->config->get('config_tax')), $this->session->data['currency']);]]></search>
			<add position="after"><![CDATA[
			$percent_discount = round(100-($result['special']/($result['price']/100)));
			]]></add>
		</operation>
		<operation error="log">
			<search><![CDATA[$special = false;]]></search>
			<add position="after"><![CDATA[
			$percent_discount = false;
			]]></add>
		</operation>
		<operation error="log">
			<search><![CDATA['special'     => $special,]]></search>
			<add position="after"><![CDATA[
			'percent_discount' => $percent_discount,
			]]></add>
		</operation>
	</file>
	<file path="catalog/controller/product/special.php">
		<operation error="log">
			<search><![CDATA[$special = $this->currency->format($this->tax->calculate($result['special'], $result['tax_class_id'], $this->config->get('config_tax')), $this->session->data['currency']);]]></search>
			<add position="after"><![CDATA[
			$percent_discount = round(100-($result['special']/($result['price']/100)));
			]]></add>
		</operation>
		<operation error="log">
			<search><![CDATA[$special = false;]]></search>
			<add position="after"><![CDATA[
			$percent_discount = false;
			]]></add>
		</operation>
		<operation error="log">
			<search><![CDATA['special'     => $special,]]></search>
			<add position="after"><![CDATA[
			'percent_discount' => $percent_discount,
			]]></add>
		</operation>
	</file>
	<file path="catalog/controller/product/product.php">
		<operation error="log">
			<search><![CDATA[$data['special'] = $this->currency->format($this->tax->calculate($product_info['special'], $product_info['tax_class_id'], $this->config->get('config_tax')), $this->session->data['currency']);]]></search>
			<add position="after"><![CDATA[
			$data['percent_discount'] = round(100-($product_info['special']/($product_info['price']/100)));
			]]></add>
		</operation>
		<operation error="log">
			<search><![CDATA[$data['special'] = false;]]></search>
			<add position="after"><![CDATA[
			$data['percent_discount'] = false;
			]]></add>
		</operation>
	</file>
	<!-- Adding the manufacturer's logo on the product card -->
	<file path="catalog/controller/product/product.php">
		<operation error="log">
			<search><![CDATA[$this->load->model('tool/image');]]></search>
			<add position="after"><![CDATA[
			$manufacturer_image = $this->model_catalog_manufacturer->getManufacturer($product_info['manufacturer_id']);
			if($manufacturer_image) {
				$data['manufacturers_img'] = $this->model_tool_image->resize($manufacturer_image['image'], 100, 100);
				$data['img_loader'] = 'data:image/gif;base64,R0lGODlhAQABAAAAACH5BAEKAAEALAAAAAABAAEAAAICTAEAOw==';
			} else {
				$data['manufacturers_img'] = false;
			}
			]]>
			</add>
		</operation>
	</file>
	<!-- Adding the manufacturer's logo on the manufacturer's list -->
	<file path="catalog/controller/product/manufacturer.php">
		<operation error="log">
			<search><![CDATA['href' => $this->url->link('product/manufacturer/info', 'manufacturer_id=' . $result['manufacturer_id'])]]></search>
			<add position="before"><![CDATA[
			'logo' => $this->model_tool_image->resize($result['image'], 100, 100),
			]]>
			</add>
		</operation>
	</file>
	<!-- Stock Statuses -->
	<file path="catalog/model/catalog/product.php">
		<operation error="log">
			<search><![CDATA['stock_status'     => $query->row['stock_status'],]]></search>
			<add position="after"><![CDATA[
			'stock_status_id'  => $query->row['stock_status_id'],
			]]>
			</add>
		</operation>
	</file>
	<file path="catalog/controller/product/product.php">
		<operation error="log">
			<search><![CDATA[$data['points'] = $product_info['points'];]]></search>
			<add position="after"><![CDATA[
			$data['stock_status_id'] = $product_info['stock_status_id'];
			]]>
			</add>
		</operation>
		<operation error="log">
			<search><![CDATA[$data['stock'] = $product_info['quantity'];]]></search>
			<add position="after"><![CDATA[
			$data['stock_color'] = "green";
			$data['stock_status'] = "http://schema.org/InStock";
			]]>
			</add>
		</operation>
		<operation error="log">
			<search><![CDATA[$data['stock'] = $this->language->get('text_instock');]]></search>
			<add position="after"><![CDATA[
			$data['stock_color'] = "green";
			$data['stock_status'] = "http://schema.org/InStock";
			]]>
			</add>
		</operation>
		<operation error="log">
			<search><![CDATA[$data['stock'] = $product_info['stock_status'];]]></search>
			<add position="after"><![CDATA[
			if($data['stock_status_id'] == 5) {
				$data['stock_color'] = "red";
				$data['stock_status'] = "http://schema.org/OutOfStock";
			} elseif ($data['stock_status_id'] == 8) {
				$data['stock_color'] = "orange";
				$data['stock_status'] = "http://schema.org/PreOrder";
			} elseif ($data['stock_status_id'] == 6) {
				$data['stock_color'] = "lime";
				$data['stock_status'] = "http://schema.org/OutOfStock";
			} elseif ($data['stock_status_id'] == 7) {
				$data['stock_color'] = "green";
				$data['stock_status'] = "http://schema.org/InStock";
			} else {
				$data['stock_color'] = "grey";
				$data['stock_status'] = "";
			}
			]]>
			</add>
		</operation>
	</file>
	<!-- Slider images on the product card -->
	<file path="catalog/controller/product/product.php">
		<operation error="log">
			<search><![CDATA[$data['popup'] = $this->model_tool_image->resize($product_info['image'], $this->config->get('theme_' . $this->config->get('config_theme') . '_image_popup_width'), $this->config->get('theme_' . $this->config->get('config_theme') . '_image_popup_height'));]]></search>
			<add position="after"><![CDATA[
			$data['popup_size'] = $this->config->get('theme_' . $this->config->get('config_theme') . '_image_popup_width').'x'.$this->config->get('theme_' . $this->config->get('config_theme') . '_image_popup_height');
			]]>
			</add>
		</operation>
		<operation error="log">
			<search><![CDATA[$data['images'] = array();]]></search>
			<add position="before"><![CDATA[
			if ($product_info['image']) {
				$data['thumb_small'] = $this->model_tool_image->resize($product_info['image'], $this->config->get('theme_' . $this->config->get('config_theme') . '_image_additional_width'), $this->config->get('theme_' . $this->config->get('config_theme') . '_image_additional_height'));
			} else {
				$data['thumb_small'] = '';
			}
			]]>
			</add>
		</operation>
		<operation error="log">
			<search><![CDATA['popup' => $this->model_tool_image->resize($result['image'], $this->config->get('theme_' . $this->config->get('config_theme') . '_image_popup_width'), $this->config->get('theme_' . $this->config->get('config_theme') . '_image_popup_height')),]]></search>
			<add position="before"><![CDATA[
			'thumb_array' => $this->model_tool_image->resize($result['image'], $this->config->get('theme_' . $this->config->get('config_theme') . '_image_thumb_width'), $this->config->get('theme_' . $this->config->get('config_theme') . '_image_thumb_height')),
			]]>
			</add>
		</operation>
	</file>
	<!-- Custom Tab -->
	<file path="catalog/controller/product/product.php">
		<operation error="log">
			<search><![CDATA[$data['images'] = array();]]></search>
			<add position="before"><![CDATA[
			$data['customtabs'] = array();

			$results = $this->model_catalog_product->getProducttabs($this->request->get['product_id']);

			foreach ($results as $result) {
				$data['customtabs'][] = array(
					'title' => $result['title'],
					'description' => html_entity_decode($result['description'], ENT_QUOTES, 'UTF-8'),
				);
			}
			]]></add>
		</operation>
	</file>
	<file path="catalog/model/catalog/product.php">
		<operation error="log">
			<search><![CDATA[public function getProductImages($product_id) {]]></search>
			<add position="before"><![CDATA[
			public function getProducttabs($product_id) {
				$query = $this->db->query("SELECT * FROM " . DB_PREFIX . "product_customtab pc LEFT JOIN " . DB_PREFIX . "product_customtab_description pcd ON (pc.product_customtab_id  = pcd.product_customtab_id) WHERE pc.product_id = '" . (int)$product_id . "'  AND pcd.language_id = '" . (int)$this->config->get('config_language_id') . "' AND status > 0 ORDER BY sort_order ASC");

				return $query->rows;
			}
			]]></add>
		</operation>
	</file>
	<file path="admin/controller/catalog/product.php">
		<operation error="log">
			<search><![CDATA[if (isset($this->request->post['image'])) {]]></search>
			<add position="before"><![CDATA[
			$data['tab_customtab'] = $this->language->get('tab_customtab');
			$data['entry_title'] = $this->language->get('entry_title');
			$data['entry_description'] = $this->language->get('entry_description');
			$data['button_customtab_add'] = $this->language->get('button_customtab_add');

			if (isset($this->request->post['product_customtab'])) {
				$data['product_customtabs'] = $this->request->post['product_customtab'];
			} elseif (isset($this->request->get['product_id'])) {
				$data['product_customtabs'] = $this->model_catalog_product->getProductcustomtabs($this->request->get['product_id']);
			} else {
				$data['product_customtabs'] = array();
			}
			]]></add>
		</operation>
	</file>
	<file path="admin/model/catalog/product.php">
		<operation error="log">
			<search><![CDATA[$product_id = $this->db->getLastId();]]></search>
			<add position="after"><![CDATA[
			if (isset($data['product_customtab'])) {
				foreach ($data['product_customtab'] as $product_customtab) {
					$this->db->query("INSERT INTO " . DB_PREFIX . "product_customtab SET product_id = '" . (int)$product_id . "',  sort_order = '" . (int)$product_customtab['sort_order'] . "', status = '" . (int)$product_customtab['status'] . "'");

					$product_customtab_id = $this->db->getLastId();

					foreach ($product_customtab['product_customtab_description'] as $language_id => $product_customtab_description) {
						$this->db->query("INSERT INTO " . DB_PREFIX . "product_customtab_description SET product_customtab_id = '" . (int)$product_customtab_id . "', language_id = '" . (int)$language_id . "', product_id = '" . (int)$product_id . "', title = '" .  $this->db->escape($product_customtab_description['title']) . "', description = '" .  $this->db->escape($product_customtab_description['description']) . "'");
					}
				}
			}
			]]></add>
		</operation>
		<operation error="log">
			<search><![CDATA[date_modified = NOW() WHERE product_id = '" . (int)$product_id . "'");]]></search>
			<add position="after"><![CDATA[
			$this->db->query("DELETE FROM " . DB_PREFIX . "product_customtab WHERE product_id = '" . (int)$product_id . "'");
			$this->db->query("DELETE FROM " . DB_PREFIX . "product_customtab_description WHERE product_id = '" . (int)$product_id . "'");
			if (isset($data['product_customtab'])) {
				foreach ($data['product_customtab'] as $product_customtab) {
					$this->db->query("INSERT INTO " . DB_PREFIX . "product_customtab SET product_id = '" . (int)$product_id . "',  sort_order = '" . (int)$product_customtab['sort_order'] . "', status = '" . (int)$product_customtab['status'] . "'");

					$product_customtab_id = $this->db->getLastId();

					foreach ($product_customtab['product_customtab_description'] as $language_id => $product_customtab_description) {
						$this->db->query("INSERT INTO " . DB_PREFIX . "product_customtab_description SET product_customtab_id = '" . (int)$product_customtab_id . "', language_id = '" . (int)$language_id . "', product_id = '" . (int)$product_id . "', title = '" .  $this->db->escape($product_customtab_description['title']) . "', description = '" .  $this->db->escape($product_customtab_description['description']) . "'");
					}
				}
			}
			]]></add>
		</operation>
		<operation error="log">
			<search><![CDATA[public function getProductImages($product_id) {]]></search>
			<add position="before"><![CDATA[
			public function getProductcustomtabs($product_id) {
				$product_customtab_data = array();

				$product_customtab_query = $this->db->query("SELECT * FROM " . DB_PREFIX . "product_customtab WHERE product_id = '" . (int)$product_id . "' ORDER BY sort_order ASC");

					foreach ($product_customtab_query->rows as $product_customtab) {
						$product_customtab_description_data = array();
						$product_customtab_description_query = $this->db->query("SELECT * FROM " . DB_PREFIX . "product_customtab_description WHERE product_customtab_id = '" . (int)$product_customtab['product_customtab_id'] . "' AND product_id = '" . (int)$product_id . "'");

						foreach ($product_customtab_description_query->rows as $product_customtab_description) {
							$product_customtab_description_data[$product_customtab_description['language_id']] = array(
								'title' => $product_customtab_description['title'],
								'description' => $product_customtab_description['description'],
							);
						}

						$product_customtab_data[] = array(
							'product_customtab_description' => $product_customtab_description_data,
							'status'                        => $product_customtab['status'],
							'sort_order'                    => $product_customtab['sort_order']
						);
					}

				return $product_customtab_data;
			}
			]]></add>
		</operation>
	</file>
	<file path="admin/view/template/catalog/product_form.twig">
		<operation error="log">
			<search><![CDATA[<li><a href="#tab-design" data-toggle="tab">{{ tab_design }}</a></li>]]></search>
			<add position="after"><![CDATA[
			<li><a href="#tab-customtabmain" data-toggle="tab">{{ tab_customtab }}</a></li>
			]]></add>
		</operation>
		<operation error="log">
			<search><![CDATA[<div class="tab-pane" id="tab-design">]]></search>
			<add position="before"><![CDATA[
			<div class="tab-pane" id="tab-customtabmain">
				<div class="col-sm-2">
					<ul class="nav nav-pills nav-stacked" id="customtab">
						{% set customtab_row = 0 %}
						{% for product_customtab in product_customtabs %}
						<li><a href="#tab-customtab{{ customtab_row }}" data-toggle="tab"><i class="fa fa-minus-circle" onclick="$('a[href=\'#tab-customtab{{ customtab_row }}\']').parent().remove(); $('#tab-customtab{{ customtab_row }}').remove(); $('#customtab a:first').tab('show');"></i> {{ tab_customtab }} {{ customtab_row }}</a></li>
						{% set customtab_row = customtab_row + 1 %}
						{% endfor %}
						<li id="customtab-add"><a onclick="addCustomtab();"><i class="fa fa-plus-circle"></i> {{ button_customtab_add }}</a></li>
					</ul>
				</div>
				<div class="col-sm-10">
					<div class="tab-content tab-content2">
						{% set customtab_row = 0 %}
						{% for product_customtab in product_customtabs %}
						<div class="tab-pane" id="tab-customtab{{ customtab_row }}">
							<ul class="nav nav-tabs" id="clanguage{{ customtab_row }}">
								{% for language in languages %}
								<li><a href="#tab-customtab{{customtab_row }}-language{{ language.language_id }}" data-toggle="tab"><img src="language/{{ language.code }}/{{ language.code }}.png" title="{{ language.name }}" />  {{ language.name }}</a></li>
								{% endfor %}
							</ul>
							<div class="tab-content">
								{% for language in languages %}
									<div class="tab-pane" id="tab-customtab{{customtab_row }}-language{{ language.language_id }}">
										<div class="form-group">
											<label class="col-sm-2 control-label" for="input-heading{{customtab_row }}-language{{ language.language_id }}">{{ entry_title }}</label>
											<div class="col-sm-10">
												<input type="text" name="product_customtab[{{customtab_row }}][product_customtab_description][{{ language.language_id }}][title]" value="{{ product_customtab.product_customtab_description[language.language_id] ? product_customtab.product_customtab_description[language.language_id].title }}" class="form-control"/>
											</div>
										</div>
										<div class="form-group">
											<label class="col-sm-2 control-label" for="input-description{{customtab_row }}-language{{ language.language_id }}">{{ entry_description }}</label>
											<div class="col-sm-10">
												<textarea name="product_customtab[{{customtab_row }}][product_customtab_description][{{ language.language_id }}][description]" placeholder="{{ entry_description }}" id="input-description{{customtab_row }}-language{{ language.language_id }}" class="form-control">{{ product_customtab.product_customtab_description[language.language_id] ? product_customtab.product_customtab_description[language.language_id].description }}</textarea>
											</div>
										</div>
									</div>
								{% endfor %}
							</div>
							<div class="form-group">
								<label class="col-sm-2 control-label" for="input-sort_order{{ customtab_row }}">{{ entry_sort_order }}</label>
								<div class="col-sm-10">
									<input type="text" name="product_customtab[{{ customtab_row }}][sort_order]" value="{{ product_customtab.sort_order }}" placeholder="{{ entry_sort_order }}" class="form-control" />
								</div>
							</div>
							<div class="form-group">
								<label class="col-sm-2 control-label" for="input-status{{ customtab_row }}">{{ entry_status }}</label>
								<div class="col-sm-10">
									<select name="product_customtab[{{ customtab_row }}][status]" id="input-status" class="form-control">
										{% if product_customtab.status %}
										<option value="1" selected="selected">{{ text_enabled }}</option>
										<option value="0">{{ text_disabled }}</option>
										{% else %}
										<option value="1">{{ text_enabled }}</option>
										<option value="0" selected="selected">{{ text_disabled }}</option>
										{% endif %}
									</select>
								</div>
							</div>
						</div>
						{% set customtab_row = customtab_row + 1 %}
						{% endfor %}
					</div>
				</div>
			</div>
			]]></add>
		</operation>
		<operation error="log">
			<search><![CDATA[{{ footer }}]]></search>
			<add position="before"><![CDATA[
			<script type="text/javascript"><!--
			{% set customtab_row = 0 %}
			{% for product_customtab in product_customtabs %}
			{% for language in languages %}
			$('#input-description{{ customtab_row }}-language{{ language.language_id }}').summernote({
				height: 300
			});
			{% endfor %}
			{% set customtab_row = customtab_row + 1 %}
			{% endfor %}
			//--></script>

			<script type="text/javascript"><!--
			var customtab_row = {{ customtab_row }};

			function addCustomtab() {
				html  = '<div id="tab-customtab' + customtab_row + '" class="tab-pane">';
				html += '  <ul class="nav nav-tabs" id="clanguage' + customtab_row + '">';
				{% for language in languages %}
				html += '    <li><a href="#tab-customtab' + customtab_row + '-language{{ language.language_id }}" data-toggle="tab"><img src="language/{{ language.code }}/{{ language.code }}.png" title="{{ language.name }}" /> {{ language.name }}</a></li>';
				{% endfor %}
				html += '  </ul>';

				html += '  <div class="tab-content">';
				{% for language in languages %}
				html += '    <div class="tab-pane" id="tab-customtab' + customtab_row + '-language{{ language.language_id }}">';
				html += '      <div class="form-group">';
				html += '        <label class="col-sm-2 control-label" for="input-title' + customtab_row + '-language{{ language.language_id }}">{{ entry_title }}</label>';
				html += '        <div class="col-sm-10"><input type="text" name="product_customtab[' + customtab_row + '][product_customtab_description][{{ language.language_id }}][title]" placeholder="{{ entry_title }}" id="input-title' + customtab_row + '-language{{ language.language_id }}" value="" class="form-control"/></div>';
				html += '      </div>';
				html += '      <div class="form-group">';
				html += '        <label class="col-sm-2 control-label" for="input-description' + customtab_row + '-language{{ language.language_id }}">{{ entry_description }}</label>';
				html += '        <div class="col-sm-10"><textarea name="product_customtab[' + customtab_row + '][product_customtab_description][{{ language.language_id }}][description]" id="input-description' + customtab_row + '-language{{ language.language_id }}"></textarea></div>';
				html += '      </div>';
				html += '    </div>';
				{% endfor %}
				html += '  </div>';
				html += '      <div class="form-group">';
				html += '        <label class="col-sm-2 control-label" for="input-status' + customtab_row +'">{{ entry_status }}</label>';
				html += '        <div class="col-sm-10"><select name="product_customtab[' + customtab_row + '][status]" class="form-control"><option value="1">{{ text_enabled }}</option><option value="0">{{ text_disabled }}</option></select></div>';
				html += '      </div>';
				html += '  <div class="form-group">';
				html += '<label class="col-sm-2 control-label" for="input-sort_order' + customtab_row +'">{{ entry_sort_order }}</label>';
				html += ' <div class="col-sm-10"><input type="text" name="product_customtab[' + customtab_row + '][sort_order]" value="" class="form-control" /></div>';
				html += '</div>';
				html += '</div>';

				$('#tab-customtabmain .tab-content2').append(html);

				{% for language in languages %}
				$('#input-description' + customtab_row + '-language{{ language.language_id }}').summernote({
					height: 300
				});
				{% endfor %}

				$('#customtab a[href=\'#tab-customtab' + customtab_row + '\']').tab('show');

				$('#clanguage' + customtab_row + ' li:first-child a').tab('show');

				$('#customtab-add').before('<li><a href="#tab-customtab' + customtab_row + '" data-toggle="tab"><i class="fa fa-minus-circle" onclick="$(\'a[href=\\\'#tab-customtab' + customtab_row + '\\\']\').parent().remove(); $(\'#tab-customtab' + customtab_row + '\').remove(); $(\'#customtab li a:first\').tab(\'show\');"></i> {{ tab_customtab }} ' + customtab_row + '</a></li>');


				$('#customtab-' + customtab_row).trigger('click');

				customtab_row++;
			}
			//--></script>

			<script type="text/javascript"><!--
			$('#customtab li:first-child a').tab('show');
			{% set customtab_row = 0 %}
			{% for product_customtab in product_customtabs %}
			$('#clanguage{{ customtab_row }} li:first-child a').tab('show');
			{% set customtab_row = customtab_row + 1 %}
			{% endfor %}
			//--></script>
			]]></add>
		</operation>
	</file>
	<!-- Apply button -->
<!-- 	<file path="admin/controller/catalog/product.php">
	<operation error="log">
		<search><![CDATA[public function autocomplete()]]></search>
		<add position="before"><![CDATA[
		public function updateStay() {
			$this->load->language('catalog/product');

			$this->document->setTitle($this->language->get('heading_title'));

			$this->load->model('catalog/product');

			if (($this->request->server['REQUEST_METHOD'] == 'POST') && $this->validateForm()) {

				$this->model_catalog_product->editProduct($this->request->get['product_id'], $this->request->post);

				$this->session->data['success'] = $this->language->get('text_success');

				$url = '';

				if (isset($this->request->get['product_id'])) {
					$url .= '&product_id=' . $this->request->get['product_id'];
				}

				$this->response->redirect($this->url->link('catalog/product/edit', 'user_token=' . $this->session->data['user_token'] . $url, true));
			}

			$this->getForm();
		}
		]]></add>
	</operation>
	<operation error="log">
		<search index="0"><![CDATA[$data['action']]]></search>
		<add position="after"><![CDATA[
		$data['action_stay'] = $this->url->link('catalog/product/add', 'user_token=' . $this->session->data['user_token'] . $url, true);
		]]></add>
	</operation>
	<operation error="log">
		<search index="1"><![CDATA[$data['action']]]></search>
		<add position="after"><![CDATA[
		$data['action_stay'] = $this->url->link('catalog/product/updateStay', 'user_token=' . $this->session->data['user_token'] . '&product_id=' . $this->request->get['product_id'] . $url, true);
		]]></add>
	</operation>
	<operation error="log">
		<search><![CDATA[catalog/product_form]]></search>
		<add position="before"><![CDATA[
		if (isset($this->session->data['success'])) {
			$data['success'] = $this->session->data['success'];
			unset($this->session->data['success']);
		} else {
			$data['success'] = '';
		}
		]]></add>
	</operation>
</file>
<file path="admin/view/template/catalog/product_form.twig">
	<operation error="log">
		<search><![CDATA[<div class="panel panel-default">]]></search>
		<add position="before"><![CDATA[
		{% if success %}
		<div class="alert alert-success"><i class="fa fa-check-circle"></i> {{ success }}
			<button type="button" class="close" data-dismiss="alert">&times;</button>
		</div>
		{% endif %}
		]]></add>
	</operation>
	<operation error="log">
		<search><![CDATA[<ul class="nav nav-tabs">]]></search>
		<add position="replace"><![CDATA[
		<ul class="nav nav-tabs" id="myTab">
		]]></add>
	</operation>
	<operation error="log">
		<search><![CDATA[<div class="pull-right">]]></search>
		<add position="after"><![CDATA[
		<button type="button" onclick="SaS();" type="button" form="form-product" data-toggle="tooltip" title="{{ text_apply }}" class="btn btn-success"><i class="fa fa-repeat"></i></button>
		]]></add>
	</operation>
	<operation error="log">
	<search><![CDATA[{{ footer }}]]></search>
		<add position="before"><![CDATA[
		<script type="text/javascript">$(document).ready(function() {
			if (sessionStorage['index_p']) {
				var index_p = sessionStorage['index_p'];
			} else {
				var index_p = 0;
			}
			$('#myTab li:eq(' + index_p + ') a').tab('show');
			sessionStorage['index_p'] = 0;
		});
		function SaS() {
			sessionStorage['index_p'] = $(".nav-tabs .active").index();
			$('#form-product').attr('action', '{{ action_stay|escape }}');
			$('#form-product').submit();
			e.preventDefault();
		};
		//</script>
		]]></add>
	</operation>
</file>
<file path="admin/controller/catalog/category.php">
	<operation error="log">
		<search><![CDATA[public function autocomplete()]]></search>
		<add position="before"><![CDATA[
		public function updateStay() {
			$this->load->language('catalog/category');
			$this->document->setTitle($this->language->get('heading_title'));
			$this->load->model('catalog/category');
		if (($this->request->server['REQUEST_METHOD'] == 'POST') && $this->validateForm()) {
			$this->model_catalog_category->editCategory($this->request->get['category_id'], $this->request->post);
			$this->session->data['success'] = $this->language->get('text_success');
			$url = '';
		if (isset($this->request->get['category_id'])) {
			$url .= '&category_id=' . $this->request->get['category_id'];
		}
			$this->response->redirect($this->url->link('catalog/category/edit', 'user_token=' . $this->session->data['user_token'] . $url, true));
		}
			$this->getForm();
		}
		]]></add>
	</operation>
	<operation error="log">
		<search index="0"><![CDATA[$data['action']]]></search>
		<add position="after"><![CDATA[
		$data['action_stay'] = $this->url->link('catalog/category/add', 'user_token=' . $this->session->data['user_token'] . $url, true);
		]]></add>
	</operation>
	<operation error="log">
		<search index="1"><![CDATA[$data['action']]]></search>
		<add position="after"><![CDATA[
		$data['action_stay'] = $this->url->link('catalog/category/updateStay', 'user_token=' . $this->session->data['user_token'] . '&category_id=' . $this->request->get['category_id'] . $url, true);
		]]></add>
	</operation>
	<operation error="log">
		<search><![CDATA[catalog/category_form]]></search>
		<add position="before"><![CDATA[
		if (isset($this->session->data['success'])) {
			$data['success'] = $this->session->data['success'];
			unset($this->session->data['success']);
		} else {
			$data['success'] = '';
		}
		]]></add>
	</operation>
</file>
<file path="admin/view/template/catalog/category_form.twig">
	<operation error="log">
		<search><![CDATA[<div class="panel panel-default">]]></search>
		<add position="before"><![CDATA[
		{% if success %}
		<div class="alert alert-success"><i class="fa fa-check-circle"></i> {{ success }}
			<button type="button" class="close" data-dismiss="alert">&times;</button>
		</div>
		{% endif %}
		]]></add>
	</operation>
	<operation error="log">
		<search><![CDATA[<ul class="nav nav-tabs">]]>  </search>
		<add position="replace"><![CDATA[
		<ul class="nav nav-tabs" id="myTab">
		]]></add>
	</operation>
	<operation error="log">
		<search><![CDATA[<div class="pull-right">]]>  </search>
		<add position="after"><![CDATA[
		<button type="button" onclick="SaS();" type="button" form="form-category" data-toggle="tooltip" title="{{ text_apply }}" class="btn btn-success"><i class="fa fa-repeat"></i></button>
		]]></add>
	</operation>
	<operation error="log">
		<search><![CDATA[{{ footer }}]]></search>
		<add position="before"><![CDATA[
		<script type="text/javascript">$(document).ready(function() {
			if (sessionStorage['index_p']) {
				var index_p = sessionStorage['index_p'];
			} else {
				var index_p = 0;
			}
			$('#myTab li:eq(' + index_p + ') a').tab('show');
			sessionStorage['index_p'] = 0;
		});
		function SaS() {
			sessionStorage['index_p'] = $(".nav-tabs .active").index();
			$('#form-category').attr('action', '{{ action_stay|escape }}');
			$('#form-category').submit();
			e.preventDefault();
		};
		//</script>
		]]></add>
	</operation>
</file> -->
</modification>