<?xml version="1.0" encoding="utf-8"?>
<modification>
	<name><![CDATA[<font color="#263238"><b>Materialize Theme — english settings</b></font>]]></name>
	<code>materialize-theme-english-settings</code>
	<version>0.78</version>
	<author><![CDATA[<font color="#263238"><b>Trydalcoholic</b></font>]]></author>
	<link>//goo.gl/pSwwUR</link>
	<!-- Labels -->
	<file path="admin/language/en-gb/common/column_left.php">
		<operation error="skip">
			<search><![CDATA[<?php]]></search>
			<add position="after"><![CDATA[$_['text_labels']	= 'Labels';]]></add>
		</operation>
	</file>
	<file path="admin/language/en-gb/catalog/product.php">
		<operation error="skip">
			<search><![CDATA[<?php]]></search>
			<add position="after"><![CDATA[$_['entry_labels']	= 'Labels';]]></add>
		</operation>
	</file>
	<!-- Size Chart -->
	<file path="admin/language/en-gb/catalog/product.php">
		<operation error="skip">
			<search><![CDATA[<?php]]></search>
			<add position="after"><![CDATA[
			$_['tab_size_chart']	= 'Size Chart';
			$_['entry_size_chart']	= 'Size Chart';
			]]></add>
		</operation>
	</file>
	<file path="catalog/language/en-gb/product/product.php">
		<operation error="skip">
			<search><![CDATA[<?php]]></search>
			<add position="after"><![CDATA[$_['text_size_chart']	= 'Size chart';]]></add>
		</operation>
	</file>
	<!-- Timing -->
	<file path="catalog/language/en-gb/product/product.php">
		<operation error="skip">
			<search><![CDATA[<?php]]></search>
			<add position="after"><![CDATA[
			// Months Full
			$_['text_months_full_january']		= 'January';
			$_['text_months_full_february']		= 'February';
			$_['text_months_full_march']		= 'March';
			$_['text_months_full_april']		= 'April';
			$_['text_months_full_may']			= 'May';
			$_['text_months_full_june']			= 'June';
			$_['text_months_full_july']			= 'July';
			$_['text_months_full_august']		= 'August';
			$_['text_months_full_september']	= 'September';
			$_['text_months_full_october']		= 'October';
			$_['text_months_full_november']		= 'November';
			$_['text_months_full_december']		= 'December';

			// Months Short
			$_['text_months_short_january']		= 'Jan';
			$_['text_months_short_february']	= 'Feb';
			$_['text_months_short_march']		= 'Mar';
			$_['text_months_short_april']		= 'Apr';
			$_['text_months_short_may']			= 'May';
			$_['text_months_short_june']		= 'Jun';
			$_['text_months_short_july']		= 'Jul';
			$_['text_months_short_august']		= 'Aug';
			$_['text_months_short_september']	= 'Sep';
			$_['text_months_short_october']		= 'Oct';
			$_['text_months_short_november']	= 'Nov';
			$_['text_months_short_december']	= 'Dec';

			// Weekdays Full
			$_['text_weekdays_full_sunday']		= 'Sunday';
			$_['text_weekdays_full_monday']		= 'Monday';
			$_['text_weekdays_full_tuesday']	= 'Tuesday';
			$_['text_weekdays_full_wednesday']	= 'Wednesday';
			$_['text_weekdays_full_thursday']	= 'Thursday';
			$_['text_weekdays_full_friday']		= 'Friday';
			$_['text_weekdays_full_saturday']	= 'Saturday';

			// Weekdays Short
			$_['text_weekdays_short_sunday']	= 'Sun';
			$_['text_weekdays_short_monday']	= 'Mon';
			$_['text_weekdays_short_tuesday']	= 'Tue';
			$_['text_weekdays_short_wednesday']	= 'Wed';
			$_['text_weekdays_short_thursday']	= 'Thu';
			$_['text_weekdays_short_friday']	= 'Fri';
			$_['text_weekdays_short_saturday']	= 'Sat';

			// Buttons
			$_['button_date_today']				= 'Today';
			$_['button_time_done']				= 'Select';
			$_['button_datetime_clear']			= 'Clear';
			$_['button_datetime_done']			= 'Close';

			// Settings
			$_['twelve_hour']					= 'true';
			$_['first_day']						= 0;
			]]></add>
		</operation>
	</file>
	<!-- Call Back -->
	<file path="admin/language/en-gb/common/column_left.php">
		<operation error="skip">
			<search><![CDATA[<?php]]></search>
			<add position="after"><![CDATA[$_['text_callback']	= 'Call Back';]]></add>
		</operation>
	</file>
	<file path="catalog/language/en-gb/common/header.php">
		<operation error="skip">
			<search><![CDATA[<?php]]></search>
			<add position="after"><![CDATA[$_['text_call_back']	= 'Call back me';]]></add>
		</operation>
	</file>
	<!-- Custom map -->
	<file path="catalog/language/en-gb/information/contact.php">
		<operation error="skip">
			<search><![CDATA[<?php]]></search>
			<add position="after"><![CDATA[$_['text_view_map']	= 'View on map';]]></add>
		</operation>
	</file>
	<!-- Default option -->
	<file path="admin/language/en-gb/catalog/product.php">
		<operation error="skip">
			<search><![CDATA[<?php]]></search>
			<add position="after"><![CDATA[$_['entry_default_option']	= 'Default';]]></add>
		</operation>
	</file>
	<!-- Blog -->
	<file path="catalog/language/en-gb/common/header.php">
		<operation error="skip">
			<search><![CDATA[<?php]]></search>
			<add position="after"><![CDATA[$_['text_blog']	= 'Blog';]]></add>
		</operation>
	</file>
	<file path="admin/language/en-gb/common/column_left.php">
		<operation error="skip">
			<search><![CDATA[<?php]]></search>
			<add position="after"><![CDATA[
			$_['text_blog']				= 'Blog';
			$_['text_blog_category']	= 'Categories';
			$_['text_blog_post']		= 'Posts';
			$_['text_blog_author']		= 'Authors';
			$_['text_blog_comment']		= 'Comments';
			]]></add>
		</operation>
	</file>
	<!-- Additional Fields -->
	<file path="admin/language/en-gb/catalog/product.php">
		<operation error="skip">
			<search><![CDATA[<?php]]></search>
			<add position="after"><![CDATA[
			$_['entry_title_additional']		= 'Field Title';
			$_['button_additionalfield_add']	= 'Add field';
			$_['tab_additionalfield']			= 'Additional fields';
			]]></add>
		</operation>
	</file>
	<!-- Checking email -->
	<file path="catalog/language/en-gb/{information,checkout,affiliate,account}/{contact,checkout,register,login,edit}*.php">
		<operation error="skip">
			<search><![CDATA[<?php]]></search>
			<add position="after"><![CDATA[
			$_['text_email_error']		= 'Wrong e-mail';
			$_['text_email_success']	= 'E-mail Valid';
			]]></add>
		</operation>
	</file>
	<!-- English language settings Materialize -->
	<file path="catalog/language/en-gb/common/header.php">
		<operation error="skip">
			<search><![CDATA[<?php]]></search>
			<add position="after"><![CDATA[
			$_['text_contact']		= 'Contact Us';
			$_['text_about']		= 'About';
			$_['text_delivery']		= 'Delivery';
			]]></add>
		</operation>
	</file>
	<file path="catalog/language/en-gb/common/footer.php">
		<operation error="skip">
			<search><![CDATA[<a target="_blank" href="]]></search>
			<add position="replace"><![CDATA[<a target="_blank" rel="noopener" href="]]></add>
		</operation>
	</file>
	<file path="catalog/language/en-gb/common/cart.php">
		<operation error="skip">
			<search><![CDATA[<?php]]></search>
			<add position="after"><![CDATA[
			$_['text_shopping_cart']	= 'Your shopping cart';
			$_['text_cat_says']			= 'Let me help you spend some money :)';
			]]></add>
		</operation>
	</file>
	<file path="catalog/language/en-gb/product/search.php">
		<operation error="skip">
			<search><![CDATA[<?php]]></search>
			<add position="after"><![CDATA[
			$_['text_searched']			= 'You searched for:';
			$_['text_refine']			= 'Refine category';
			$_['text_sort_short']		= 'Sort';
			$_['text_percent']			= 'Discount';
			$_['text_more_detailed']	= 'More detailed';
			]]></add>
		</operation>
	</file>
	<file path="catalog/language/en-gb/product/category.php">
		<operation error="skip">
			<search><![CDATA[<?php]]></search>
			<add position="after"><![CDATA[
			$_['text_sort_short']		= 'Sort';
			$_['text_percent']			= 'Discount';
			$_['text_more_detailed']	= 'More detailed';
			$_['entry_instock']			= 'Show only in stock';
			]]></add>
		</operation>
	</file>
	<file path="catalog/language/en-gb/product/product.php">
		<operation error="skip">
			<search><![CDATA[<?php]]></search>
			<add position="after"><![CDATA[
			$_['text_category']					= 'Category';
			$_['text_bonus_points']				= 'bonus points for purchase';
			$_['text_end_promotion']			= 'The offer will expire on';
			$_['text_percent']					= 'Discount';
			$_['text_more_detailed']			= 'More detailed';
			$_['text_sku']						= 'SKU';
			$_['text_weight']					= 'Weight';
			// PhotoSwipe
			$_['button_share']					= 'Share';
			$_['button_pswp_close']				= 'Close (Esc)';
			$_['button_pswp_toggle_fullscreen']	= 'Toggle fullscreen';
			$_['button_pswp_zoom']				= 'Zoom in/out';
			$_['button_pswp_prev']				= 'Previous (arrow left)';
			$_['button_pswp_next']				= 'Next (arrow right)';
			]]></add>
		</operation>
	</file>
	<file path="catalog/language/en-gb/product/manufacturer.php">
		<operation error="skip">
			<search><![CDATA[<?php]]></search>
			<add position="after"><![CDATA[
			$_['text_manufacturers_starting']	= 'All manufacturers starting with';
			$_['text_view_all_products']		= 'View all products';
			$_['text_sort_short']				= 'Sort';
			$_['text_percent']					= 'Discount';
			$_['text_more_detailed']			= 'More detailed';
			]]></add>
		</operation>
	</file>
	<file path="catalog/language/en-gb/product/special.php">
		<operation error="skip">
			<search><![CDATA[<?php]]></search>
			<add position="after"><![CDATA[
			$_['text_sort_short']		= 'Sort';
			$_['text_percent']			= 'Discount';
			$_['text_more_detailed']	= 'More detailed';
			]]></add>
		</operation>
	</file>
	<file path="catalog/language/en-gb/extension/module/{latest,bestseller,featured,special}*.php">
		<operation error="skip">
			<search><![CDATA[<?php]]></search>
			<add position="after"><![CDATA[
			$_['text_percent']			= 'Discount';
			$_['text_more_detailed']	= 'More detailed';
			]]></add>
		</operation>
	</file>
	<file path="catalog/language/en-gb/common/header.php">
		<operation error="skip">
			<search><![CDATA[<?php]]></search>
			<add position="after"><![CDATA[$_['text_comparison_list']	= 'Compare products';]]></add>
		</operation>
	</file>
	<!-- Cart button -->
	<file path="admin/language/en-gb/catalog/product.php">
		<operation error="skip">
			<search><![CDATA[<?php]]></search>
			<add position="after"><![CDATA[$_['entry_cart']	= 'Button cart';]]></add>
		</operation>
	</file>
	<!-- Custom Tabs -->
	<file path="admin/language/en-gb/catalog/product.php">
		<operation error="skip">
			<search><![CDATA[<?php]]></search>
			<add position="after"><![CDATA[
			$_['entry_title']			= 'Tab Title';
			$_['button_customtab_add']	= 'Add tab';
			$_['tab_customtab']			= 'Custom Tab';
			$_['text_apply']			= 'Apply';
			]]></add>
		</operation>
	</file>
	<!-- Apply button -->
	<file path="admin/language/en-gb/catalog/category.php">
		<operation error="skip">
			<search><![CDATA[<?php]]></search>
			<add position="after"><![CDATA[$_['text_apply']	= 'Apply';]]></add>
		</operation>
	</file>
</modification>