<?xml version="1.0" encoding="utf-8"?>
<modification>
	<name><![CDATA[<font color="#263238"><b>Materialize Theme — english settings</b></font>]]></name>
	<code>materialize-theme-english-settings</code>
	<version>0.77.4.6</version>
	<author><![CDATA[<font color="#263238"><b>Trydalcoholic</b></font>]]></author>
	<link>https://github.com/trydalcoholic</link>
	<!-- Default option -->
	<file path="admin/language/en-gb/catalog/product.php">
		<operation error="skip">
			<search><![CDATA[<?php]]></search>
			<add position="after"><![CDATA[$_['entry_default_option']	= 'Default';]]></add>
		</operation>
	</file>
	<!-- Blog -->
	<file path="catalog/language/en-gb/common/header.php">
		<operation error="skip">
			<search><![CDATA[<?php]]></search>
			<add position="after"><![CDATA[$_['text_blog']	= 'Blog';]]></add>
		</operation>
	</file>
	<file path="admin/language/en-gb/common/column_left.php">
		<operation error="skip">
			<search><![CDATA[<?php]]></search>
			<add position="after"><![CDATA[
			$_['text_blog']				= 'Blog';
			$_['text_blog_category']	= 'Categories';
			$_['text_blog_post']		= 'Posts';
			$_['text_blog_author']		= 'Authors';
			$_['text_blog_comment']		= 'Comments';
			]]></add>
		</operation>
	</file>
	<!-- Additional Fields -->
	<file path="admin/language/en-gb/catalog/product.php">
		<operation error="skip">
			<search><![CDATA[<?php]]></search>
			<add position="after"><![CDATA[
			$_['entry_title_additional']		= 'Field Title';
			$_['button_additionalfield_add']	= 'Add field';
			$_['tab_additionalfield']			= 'Additional fields';
			]]></add>
		</operation>
	</file>
	<!-- Size Chart -->
	<file path="admin/language/en-gb/catalog/product.php">
		<operation error="skip">
			<search><![CDATA[<?php]]></search>
			<add position="after"><![CDATA[$_['entry_size_chart']	= 'Size Chart';]]></add>
		</operation>
	</file>
	<file path="catalog/language/en-gb/product/product.php">
		<operation error="skip">
			<search><![CDATA[<?php]]></search>
			<add position="after"><![CDATA[$_['text_size_chart']	= 'Size chart';]]></add>
		</operation>
	</file>
	<!-- Checking email -->
	<file path="catalog/language/en-gb/{information,checkout,affiliate,account}/{contact,checkout,register,login,edit}*.php">
		<operation error="skip">
			<search><![CDATA[<?php]]></search>
			<add position="after"><![CDATA[
			$_['text_email_error']		= 'Wrong e-mail';
			$_['text_email_success']	= 'E-mail Valid';
			]]></add>
		</operation>
	</file>
	<!-- English language settings Materialize -->
	<file path="catalog/language/en-gb/common/header.php">
		<operation error="skip">
			<search><![CDATA[<?php]]></search>
			<add position="after"><![CDATA[
			$_['text_contact']		= 'Contact Us';
			$_['text_about']		= 'About';
			$_['text_delivery']		= 'Delivery';
			$_['text_call_back']	= 'Call back me';
			$_['text_call_free']	= 'The call is free';
			]]></add>
		</operation>
	</file>
	<file path="catalog/language/en-gb/common/footer.php">
		<operation error="skip">
			<search><![CDATA[<?php]]></search>
			<add position="after"><![CDATA[$_['text_social_network']	= 'We are in social networks';]]></add>
		</operation>
		<operation error="skip">
			<search><![CDATA[<a target="_blank" href="]]></search>
			<add position="replace"><![CDATA[<a target="_blank" rel="noopener" href="]]></add>
		</operation>
	</file>
	<file path="catalog/language/en-gb/common/cart.php">
		<operation error="skip">
			<search><![CDATA[<?php]]></search>
			<add position="after"><![CDATA[
			$_['text_shopping_cart']	= 'Your shopping cart';
			$_['text_cat_says']			= 'Let me help you spend some money :)';
			]]></add>
		</operation>
	</file>
	<file path="catalog/language/en-gb/product/search.php">
		<operation error="skip">
			<search><![CDATA[<?php]]></search>
			<add position="after"><![CDATA[
			$_['text_searched']			= 'You searched for:';
			$_['text_refine']			= 'Refine category';
			$_['text_sort_short']		= 'Sort';
			$_['text_percent']			= 'Discount';
			$_['text_more_detailed']	= 'More detailed';
			]]></add>
		</operation>
	</file>
	<file path="catalog/language/en-gb/product/category.php">
		<operation error="skip">
			<search><![CDATA[<?php]]></search>
			<add position="after"><![CDATA[
			$_['text_sort_short']		= 'Sort';
			$_['text_percent']			= 'Discount';
			$_['text_more_detailed']	= 'More detailed';
			$_['entry_instock']			= 'Show only in stock';
			]]></add>
		</operation>
	</file>
	<file path="catalog/language/en-gb/product/product.php">
		<operation error="skip">
			<search><![CDATA[<?php]]></search>
			<add position="after"><![CDATA[
			$_['text_category']					= 'Category:';
			$_['text_bonus_points']				= 'bonus points for purchase';
			$_['text_end_promotion']			= 'The offer will expire on';
			$_['text_payment_method']			= 'Payment by cash and bank cards';
			$_['text_percent']					= 'Discount';
			$_['text_more_detailed']			= 'More detailed';
			$_['text_sku']						= 'SKU:';
			$_['text_weight']					= 'Weight:';
			// PhotoSwipe
			$_['button_share']					= 'Share';
			$_['button_pswp_close']				= 'Close (Esc)';
			$_['button_pswp_toggle_fullscreen']	= 'Toggle fullscreen';
			$_['button_pswp_zoom']				= 'Zoom in/out';
			$_['button_pswp_prev']				= 'Previous (arrow left)';
			$_['button_pswp_next']				= 'Next (arrow right)';
			]]></add>
		</operation>
	</file>
	<file path="catalog/language/en-gb/product/manufacturer.php">
		<operation error="skip">
			<search><![CDATA[<?php]]></search>
			<add position="after"><![CDATA[
			$_['text_manufacturers_starting']	= 'All manufacturers starting with';
			$_['text_view_all_products']		= 'View all products';
			$_['text_sort_short']				= 'Sort';
			$_['text_percent']					= 'Discount';
			$_['text_more_detailed']			= 'More detailed';
			]]></add>
		</operation>
	</file>
	<file path="catalog/language/en-gb/product/special.php">
		<operation error="skip">
			<search><![CDATA[<?php]]></search>
			<add position="after"><![CDATA[
			$_['text_sort_short']		= 'Sort';
			$_['text_percent']			= 'Discount';
			$_['text_more_detailed']	= 'More detailed';
			]]></add>
		</operation>
	</file>
	<file path="catalog/language/en-gb/extension/module/{latest,bestseller,featured,special}*.php">
		<operation error="skip">
			<search><![CDATA[<?php]]></search>
			<add position="after"><![CDATA[
			$_['text_percent']			= 'Discount';
			$_['text_more_detailed']	= 'More detailed';
			]]></add>
		</operation>
	</file>
	<file path="catalog/language/en-gb/common/header.php">
		<operation error="skip">
			<search><![CDATA[<?php]]></search>
			<add position="after"><![CDATA[$_['text_comparison_list']	= 'Compare products';]]></add>
		</operation>
	</file>
	<!-- Cart button -->
	<file path="admin/language/en-gb/catalog/product.php">
		<operation error="skip">
			<search><![CDATA[<?php]]></search>
			<add position="after"><![CDATA[$_['entry_cart']	= 'Button cart';]]></add>
		</operation>
	</file>
	<!-- Custom Tabs -->
	<file path="admin/language/en-gb/catalog/product.php">
		<operation error="skip">
			<search><![CDATA[<?php]]></search>
			<add position="after"><![CDATA[
			$_['entry_title']			= 'Tab Title';
			$_['button_customtab_add']	= 'Add tab';
			$_['tab_customtab']			= 'Custom Tab';
			$_['text_apply']			= 'Apply';
			]]></add>
		</operation>
	</file>
	<!-- Apply button -->
	<file path="admin/language/en-gb/catalog/category.php">
		<operation error="skip">
			<search><![CDATA[<?php]]></search>
			<add position="after"><![CDATA[$_['text_apply']	= 'Apply';]]></add>
		</operation>
	</file>
</modification>