<?xml version="1.0" encoding="utf-8"?>
<modification>
	<name><![CDATA[<font color="#263238"><b>Materialize Tema — turkish settings</b></font>]]></name>
	<code>materialize-theme-turkish-settings</code>
	<version>0.78</version>
	<author><![CDATA[<font color="#263238"><b>Trydalcoholic</b></font>]]></author>
	<link>//goo.gl/pSwwUR</link>
	<!-- Materialize Template Settings: show fields -->
	<file path="catalog/language/tr-tr/product/product.php">
		<operation error="log">
			<search><![CDATA[<?php]]></search>
			<add position="after"><![CDATA[
			$_['text_sku']			= 'SKU';
			$_['text_upc']			= 'UPC';
			$_['text_ean']			= 'EAN';
			$_['text_jan']			= 'JAN';
			$_['text_isbn']			= 'ISBN';
			$_['text_mpn']			= 'MPN';
			$_['text_location']		= 'Yer';
			$_['text_dimension']	= 'Boyutları (U x G x Y)';
			$_['text_weight']		= 'Ağırlık';
			]]></add>
		</operation>
	</file>
	<!-- Breadcrumbs -->
	<file path="catalog/language/tr-tr/tr-tr.php">
		<operation error="skip">
			<search><![CDATA[<i class="fa fa-home"></i>]]></search>
			<add position="replace"><![CDATA[<i class="material-icons">home</i>]]></add>
		</operation>
	</file>
	<!-- Labels -->
	<file path="admin/language/tr-tr/common/column_left.php">
		<operation error="skip">
			<search><![CDATA[<?php]]></search>
			<add position="after"><![CDATA[$_['text_labels']	= 'Etiketler';]]></add>
		</operation>
	</file>
	<file path="admin/language/tr-tr/catalog/product.php">
		<operation error="skip">
			<search><![CDATA[<?php]]></search>
			<add position="after"><![CDATA[$_['entry_labels']	= 'Etiketler';]]></add>
		</operation>
	</file>
	<!-- Size Chart -->
	<file path="admin/language/tr-tr/catalog/product.php">
		<operation error="skip">
			<search><![CDATA[<?php]]></search>
			<add position="after"><![CDATA[
			$_['tab_size_chart']	= 'Beden Tablosu';
			$_['entry_size_chart']	= 'Beden Tablosu';
			]]></add>
		</operation>
	</file>
	<file path="catalog/language/tr-tr/product/product.php">
		<operation error="skip">
			<search><![CDATA[<?php]]></search>
			<add position="after"><![CDATA[$_['text_size_chart']	= 'Beden tablosu';]]></add>
		</operation>
	</file>
	<!-- Timing -->
	<file path="catalog/language/tr-tr/product/product.php">
		<operation error="skip">
			<search><![CDATA[<?php]]></search>
			<add position="after"><![CDATA[
			// Months Full
			$_['text_months_full_january']		= 'Ocak';
			$_['text_months_full_february']		= 'Şubat';
			$_['text_months_full_march']		= 'Mart';
			$_['text_months_full_april']		= 'Nisan';
			$_['text_months_full_may']			= 'Mayıs';
			$_['text_months_full_june']			= 'Haziran';
			$_['text_months_full_july']			= 'Temmuz';
			$_['text_months_full_august']		= 'Ağustos';
			$_['text_months_full_september']	= 'Eylül';
			$_['text_months_full_october']		= 'Ekim';
			$_['text_months_full_november']		= 'Kasım';
			$_['text_months_full_december']		= 'Aralık';

			// Months Short
			$_['text_months_short_january']		= 'Oca';
			$_['text_months_short_february']	= 'Şub';
			$_['text_months_short_march']		= 'Mar';
			$_['text_months_short_april']		= 'Nis';
			$_['text_months_short_may']			= 'May';
			$_['text_months_short_june']		= 'Haz';
			$_['text_months_short_july']		= 'Tem';
			$_['text_months_short_august']		= 'Ağu';
			$_['text_months_short_september']	= 'Eyl';
			$_['text_months_short_october']		= 'Eki';
			$_['text_months_short_november']	= 'Kas';
			$_['text_months_short_december']	= 'Ara';

			// Weekdays Full
			$_['text_weekdays_full_sunday']		= 'Pazar';
			$_['text_weekdays_full_monday']		= 'Pazartesi';
			$_['text_weekdays_full_tuesday']	= 'Salı';
			$_['text_weekdays_full_wednesday']	= 'Çarşamba';
			$_['text_weekdays_full_thursday']	= 'Perşembe';
			$_['text_weekdays_full_friday']		= 'Cuma';
			$_['text_weekdays_full_saturday']	= 'Cumartesi';

			// Weekdays Short
			$_['text_weekdays_short_sunday']	= 'Pzr';
			$_['text_weekdays_short_monday']	= 'Pzt';
			$_['text_weekdays_short_tuesday']	= 'Sal';
			$_['text_weekdays_short_wednesday']	= 'Çrş';
			$_['text_weekdays_short_thursday']	= 'Prş';
			$_['text_weekdays_short_friday']	= 'Cum';
			$_['text_weekdays_short_saturday']	= 'Cmt';

			// Buttons
			$_['button_date_today']				= 'Bugün';
			$_['button_time_done']				= 'Seçin';
			$_['button_datetime_clear']			= 'Açık';
			$_['button_datetime_done']			= 'Yakın';

			// Settings
			$_['twelve_hour']					= 'true';
			$_['first_day']						= 0;
			]]></add>
		</operation>
	</file>
	<!-- Call Back -->
	<file path="admin/language/tr-tr/common/column_left.php">
		<operation error="skip">
			<search><![CDATA[<?php]]></search>
			<add position="after"><![CDATA[$_['text_callback']	= 'Geri arama';]]></add>
		</operation>
	</file>
	<file path="catalog/language/tr-tr/common/header.php">
		<operation error="skip">
			<search><![CDATA[<?php]]></search>
			<add position="after"><![CDATA[$_['text_call_back']	= 'Biz sizi arayalım';]]></add>
		</operation>
	</file>
	<!-- Custom map -->
	<file path="catalog/language/tr-tr/information/contact.php">
		<operation error="skip">
			<search><![CDATA[<?php]]></search>
			<add position="after"><![CDATA[$_['text_view_map']	= 'Haritayı görüntüle';]]></add>
		</operation>
	</file>
	<!-- Default option -->
	<file path="admin/language/tr-tr/catalog/product.php">
		<operation error="skip">
			<search><![CDATA[<?php]]></search>
			<add position="after"><![CDATA[$_['entry_default_option']	= 'Varsayılan';]]></add>
		</operation>
	</file>
	<!-- Blog -->
	<file path="catalog/language/tr-tr/common/header.php">
		<operation error="skip">
			<search><![CDATA[<?php]]></search>
			<add position="after"><![CDATA[$_['text_blog']	= 'Blog';]]></add>
		</operation>
	</file>
	<file path="admin/language/tr-tr/common/column_left.php">
		<operation error="skip">
			<search><![CDATA[<?php]]></search>
			<add position="after"><![CDATA[
			$_['text_blog']				= 'Blog';
			$_['text_blog_category']	= 'Kategoriler';
			$_['text_blog_post']		= 'Mesajlar';
			$_['text_blog_author']		= 'Yazarlar';
			$_['text_blog_comment']		= 'Yorumlar';
			]]></add>
		</operation>
	</file>
	<!-- Additional Fields -->
	<file path="admin/language/tr-tr/catalog/product.php">
		<operation error="skip">
			<search><![CDATA[<?php]]></search>
			<add position="after"><![CDATA[
			$_['entry_title_additional']		= 'Alan Başlığı';
			$_['button_additionalfield_add']	= 'Alan ekle';
			$_['tab_additionalfield']			= 'Ek alanlar';
			]]></add>
		</operation>
	</file>
	<!-- Checking email -->
	<file path="catalog/language/tr-tr/{information,checkout,affiliate,account}/{contact,checkout,register,login,edit}*.php">
		<operation error="skip">
			<search><![CDATA[<?php]]></search>
			<add position="after"><![CDATA[
			$_['text_email_error']		= 'Geçersiz E-posta';
			$_['text_email_success']	= 'E-posta Geçerli';
			]]></add>
		</operation>
	</file>
	<!-- Turkish language settings Materialize -->
	<file path="catalog/language/tr-tr/common/header.php">
		<operation error="skip">
			<search><![CDATA[<?php]]></search>
			<add position="after"><![CDATA[
			$_['text_contact']		= 'İletişime geçin';
			$_['text_about']		= 'Hakkında';
			$_['text_delivery']		= 'Teslimat';
			]]></add>
		</operation>
	</file>
	<file path="catalog/language/tr-tr/common/footer.php">
		<operation error="skip">
			<search><![CDATA[<a target="_blank" href="]]></search>
			<add position="replace"><![CDATA[<a target="_blank" rel="noopener" href="]]></add>
		</operation>
	</file>
	<file path="catalog/language/tr-tr/common/cart.php">
		<operation error="skip">
			<search><![CDATA[<?php]]></search>
			<add position="after"><![CDATA[
			$_['text_shopping_cart']	= 'Alışveriş sepetiniz';
			$_['text_cat_says']			= 'Biraz para harcamanıza yardım edeyim :)';
			]]></add>
		</operation>
	</file>
	<file path="catalog/language/tr-tr/product/search.php">
		<operation error="skip">
			<search><![CDATA[<?php]]></search>
			<add position="after"><![CDATA[
			$_['text_searched']			= 'Arama nedeniniz:';
			$_['text_refine']			= 'Kategoriyi filtrele';
			$_['text_sort_short']		= 'Tür';
			$_['text_percent']			= 'İndirim';
			$_['text_more_detailed']	= 'Ayrıntılı göster';
			$_['entry_instock']			= 'Sadece stoklarda göster';
			]]></add>
		</operation>
	</file>
	<file path="catalog/language/tr-tr/product/category.php">
		<operation error="skip">
			<search><![CDATA[<?php]]></search>
			<add position="after"><![CDATA[
			$_['text_sort_short']		= 'Tür';
			$_['text_percent']			= 'İndirim';
			$_['text_more_detailed']	= 'Ayrıntılı göster';
			]]></add>
		</operation>
	</file>
	<file path="catalog/language/tr-tr/product/product.php">
		<operation error="skip">
			<search><![CDATA[<?php]]></search>
			<add position="after"><![CDATA[
			$_['text_category']					= 'Kategori';
			$_['text_bonus_points']				= 'Satın almak için bonus puan';
			$_['text_end_promotion']			= 'Teklif sone erme zamanı';
			$_['text_percent']					= 'İndirim';
			$_['text_more_detailed']			= 'Ayrıntılı göster';
			// PhotoSwipe
			$_['button_share']					= 'Paylaş';
			$_['button_pswp_close']				= 'Kapat (Esc)';
			$_['button_pswp_toggle_fullscreen']	= 'Tam ekran göster';
			$_['button_pswp_zoom']				= 'Yakınlaştır / Uzaklaştır';
			$_['button_pswp_prev']				= 'Önceki (sol ok)';
			$_['button_pswp_next']				= 'Sonraki (sağ ok)';
			]]></add>
		</operation>
	</file>
	<file path="catalog/language/tr-tr/product/manufacturer.php">
		<operation error="skip">
			<search><![CDATA[<?php]]></search>
			<add position="after"><![CDATA[
			$_['text_manufacturers_starting']	= 'Tüm üreticiler başlangıcı';
			$_['text_view_all_products']		= 'Tüm ürünleri görüntüle';
			$_['text_sort_short']				= 'Tür';
			$_['text_percent']					= 'İndirim';
			$_['text_more_detailed']			= 'Ayrıntılı göster';
			]]></add>
		</operation>
	</file>
	<file path="catalog/language/tr-tr/product/special.php">
		<operation error="skip">
			<search><![CDATA[<?php]]></search>
			<add position="after"><![CDATA[
			$_['text_sort_short']		= 'Tür';
			$_['text_percent']			= 'İndirim';
			$_['text_more_detailed']	= 'Ayrıntılı göster';
			]]></add>
		</operation>
	</file>
	<file path="catalog/language/tr-tr/extension/module/{latest,bestseller,featured,special}*.php">
		<operation error="skip">
			<search><![CDATA[<?php]]></search>
			<add position="after"><![CDATA[
			$_['text_percent']			= 'İndirim';
			$_['text_more_detailed']	= 'Ayrıntılı göster';
			]]></add>
		</operation>
	</file>
	<file path="catalog/language/tr-tr/common/header.php">
		<operation error="skip">
			<search><![CDATA[<?php]]></search>
			<add position="after"><![CDATA[$_['text_comparison_list']	= 'Ürünleri karşılaştır';]]></add>
		</operation>
	</file>
	<!-- Cart button -->
	<file path="admin/language/tr-tr/catalog/product.php">
		<operation error="skip">
			<search><![CDATA[<?php]]></search>
			<add position="after"><![CDATA[$_['entry_cart']	= 'Düğme sepeti';]]></add>
		</operation>
	</file>
	<!-- Custom Tabs -->
	<file path="admin/language/tr-tr/catalog/product.php">
		<operation error="skip">
			<search><![CDATA[<?php]]></search>
			<add position="after"><![CDATA[
			$_['entry_title']			= 'Sekme Başlığıe';
			$_['button_customtab_add']	= 'Sekme ekle';
			$_['tab_customtab']			= 'Özel Sekme';
			$_['text_apply']			= 'Uygula';
			]]></add>
		</operation>
	</file>
	<!-- Apply button -->
	<file path="admin/language/tr-tr/catalog/category.php">
		<operation error="skip">
			<search><![CDATA[<?php]]></search>
			<add position="after"><![CDATA[$_['text_apply']	= 'Uygula';]]></add>
		</operation>
	</file>
</modification>