<?xml version="1.0" encoding="utf-8"?>
<modification>
	<name><![CDATA[<font color="#263238"><b>Materialize Tema — turkish settings</b></font>]]></name>
	<code>materialize-theme-turkish-settings</code>
	<version>0.77.4</version>
	<author><![CDATA[<font color="#263238"><b>Trydalcoholic</b></font>]]></author>
	<link>https://github.com/trydalcoholic</link>
	<!-- Default option -->
	<file path="admin/language/tr-tr/catalog/product.php">
		<operation error="skip">
			<search><![CDATA[<?php]]></search>
			<add position="after"><![CDATA[$_['entry_default_option']	= 'Varsayılan';]]></add>
		</operation>
	</file>
	<!-- Blog -->
	<file path="catalog/language/tr-tr/common/header.php">
		<operation error="skip">
			<search><![CDATA[<?php]]></search>
			<add position="after"><![CDATA[$_['text_blog']	= 'Blog';]]></add>
		</operation>
	</file>
	<file path="admin/language/tr-tr/common/column_left.php">
		<operation error="skip">
			<search><![CDATA[<?php]]></search>
			<add position="after"><![CDATA[
			$_['text_blog']				= 'Blog';
			$_['text_blog_category']	= 'Kategoriler';
			$_['text_blog_post']		= 'Mesajlar';
			$_['text_blog_author']		= 'Yazarlar';
			$_['text_blog_comment']		= 'Yorumlar';
			]]></add>
		</operation>
	</file>
	<!-- Additional Fields -->
	<file path="admin/language/tr-tr/catalog/product.php">
		<operation error="skip">
			<search><![CDATA[<?php]]></search>
			<add position="after"><![CDATA[
			$_['entry_title_additional']		= 'Alan Başlığı';
			$_['button_additionalfield_add']	= 'Alan ekle';
			$_['tab_additionalfield']			= 'Ek alanlar';
			]]></add>
		</operation>
	</file>
	<!-- Size Chart -->
	<file path="admin/language/tr-tr/catalog/product.php">
		<operation error="skip">
			<search><![CDATA[<?php]]></search>
			<add position="after"><![CDATA[$_['entry_size_chart']	= 'Beden Tablosu';]]></add>
		</operation>
	</file>
	<file path="catalog/language/tr-tr/product/product.php">
		<operation error="skip">
			<search><![CDATA[<?php]]></search>
			<add position="after"><![CDATA[$_['text_size_chart']	= 'Beden tablosu';]]></add>
		</operation>
	</file>
	<!-- Checking email -->
	<file path="catalog/language/tr-tr/{information,checkout,affiliate,account}/{contact,checkout,register,login,edit}*.php">
		<operation error="skip">
			<search><![CDATA[<?php]]></search>
			<add position="after"><![CDATA[
			$_['text_email_error']		= 'Geçersiz E-posta';
			$_['text_email_success']	= 'E-posta Geçerli';
			]]></add>
		</operation>
	</file>
	<!-- Turkish language settings Materialize -->
	<file path="catalog/language/tr-tr/common/header.php">
		<operation error="skip">
			<search><![CDATA[<?php]]></search>
			<add position="after"><![CDATA[
			$_['text_contact']		= 'İletişime geçin';
			$_['text_about']		= 'Hakkında';
			$_['text_delivery']		= 'Teslimat';
			$_['text_call_back']	= 'Biz sizi arayalım';
			$_['text_call_free']	= 'Arama Talebi Oluştur';
			]]></add>
		</operation>
	</file>
	<file path="catalog/language/tr-tr/common/footer.php">
		<operation error="skip">
			<search><![CDATA[<?php]]></search>
			<add position="after"><![CDATA[$_['text_social_network']	= 'Sosyal Ağlarda Biz';]]></add>
		</operation>
		<operation error="skip">
			<search><![CDATA[<a target="_blank" href="]]></search>
			<add position="replace"><![CDATA[<a target="_blank" rel="noopener" href="]]></add>
		</operation>
	</file>
	<file path="catalog/language/tr-tr/common/cart.php">
		<operation error="skip">
			<search><![CDATA[<?php]]></search>
			<add position="after"><![CDATA[
			$_['text_shopping_cart']	= 'Alışveriş sepetiniz';
			$_['text_cat_says']			= 'Biraz para harcamanıza yardım edeyim :)';
			]]></add>
		</operation>
	</file>
	<file path="catalog/language/tr-tr/product/search.php">
		<operation error="skip">
			<search><![CDATA[<?php]]></search>
			<add position="after"><![CDATA[
			$_['text_searched']			= 'Arama nedeniniz:';
			$_['text_refine']			= 'Kategoriyi filtrele';
			$_['text_sort_short']		= 'Tür';
			$_['text_percent']			= 'İndirim';
			$_['text_more_detailed']	= 'Ayrıntılı göster';
			$_['entry_instock']			= 'Sadece stoklarda göster';
			]]></add>
		</operation>
	</file>
	<file path="catalog/language/tr-tr/product/category.php">
		<operation error="skip">
			<search><![CDATA[<?php]]></search>
			<add position="after"><![CDATA[
			$_['text_sort_short']		= 'Tür';
			$_['text_percent']			= 'İndirim';
			$_['text_more_detailed']	= 'Ayrıntılı göster';
			]]></add>
		</operation>
	</file>
	<file path="catalog/language/tr-tr/product/product.php">
		<operation error="skip">
			<search><![CDATA[<?php]]></search>
			<add position="after"><![CDATA[
			$_['text_category']					= 'Kategori:';
			$_['text_bonus_points']				= 'Satın almak için bonus puan';
			$_['text_end_promotion']			= 'Teklif sone erme zamanı';
			$_['text_payment_method']			= 'Nakit ve banka kartlarıyla ödeme';
			$_['text_percent']					= 'İndirim';
			$_['text_more_detailed']			= 'Ayrıntılı göster';
			$_['text_sku']						= 'SKU:';
			$_['text_weight']					= 'Genişlik:';
			// PhotoSwipe
			$_['button_share']					= 'Paylaş';
			$_['button_pswp_close']				= 'Kapat (Esc)';
			$_['button_pswp_toggle_fullscreen']	= 'Tam ekran göster';
			$_['button_pswp_zoom']				= 'Yakınlaştır / Uzaklaştır';
			$_['button_pswp_prev']				= 'Önceki (sol ok)';
			$_['button_pswp_next']				= 'Sonraki (sağ ok)';
			]]></add>
		</operation>
	</file>
	<file path="catalog/language/tr-tr/product/manufacturer.php">
		<operation error="skip">
			<search><![CDATA[<?php]]></search>
			<add position="after"><![CDATA[
			$_['text_manufacturers_starting']	= 'Tüm üreticiler başlangıcı';
			$_['text_view_all_products']		= 'Tüm ürünleri görüntüle';
			$_['text_sort_short']				= 'Tür';
			$_['text_percent']					= 'İndirim';
			$_['text_more_detailed']			= 'Ayrıntılı göster';
			]]></add>
		</operation>
	</file>
	<file path="catalog/language/tr-tr/product/special.php">
		<operation error="skip">
			<search><![CDATA[<?php]]></search>
			<add position="after"><![CDATA[
			$_['text_sort_short']		= 'Tür';
			$_['text_percent']			= 'İndirim';
			$_['text_more_detailed']	= 'Ayrıntılı göster';
			]]></add>
		</operation>
	</file>
	<file path="catalog/language/tr-tr/extension/module/{latest,bestseller,featured,special}*.php">
		<operation error="skip">
			<search><![CDATA[<?php]]></search>
			<add position="after"><![CDATA[
			$_['text_percent']			= 'İndirim';
			$_['text_more_detailed']	= 'Ayrıntılı göster';
			]]></add>
		</operation>
	</file>
	<file path="catalog/language/tr-tr/product/compare.php">
		<operation error="skip">
			<search><![CDATA[<?php]]></search>
			<add position="after"><![CDATA[$_['text_comparison_list']	= 'Ürünleri karşılaştır';]]></add>
		</operation>
	</file>
	<!-- Cart button -->
	<file path="admin/language/tr-tr/catalog/product.php">
		<operation error="skip">
			<search><![CDATA[<?php]]></search>
			<add position="after"><![CDATA[$_['entry_cart']	= 'Düğme sepeti';]]></add>
		</operation>
	</file>
	<!-- Custom Tabs -->
	<file path="admin/language/tr-tr/catalog/product.php">
		<operation error="skip">
			<search><![CDATA[<?php]]></search>
			<add position="after"><![CDATA[
			$_['entry_title']			= 'Sekme Başlığıe';
			$_['button_customtab_add']	= 'Sekme ekle';
			$_['tab_customtab']			= 'Özel Sekme';
			$_['text_apply']			= 'Uygula';
			]]></add>
		</operation>
	</file>
	<!-- Apply button -->
	<file path="admin/language/tr-tr/catalog/category.php">
		<operation error="skip">
			<search><![CDATA[<?php]]></search>
			<add position="after"><![CDATA[$_['text_apply']	= 'Uygula';]]></add>
		</operation>
	</file>
</modification>