<?xml version="1.0" encoding="utf-8"?>
<modification>
	<name><![CDATA[<font color="#263238"><b>Materialize Theme — ukrainian settings</b></font>]]></name>
	<code>materialize-theme-ukrainian-settings</code>
	<version>0.78</version>
	<author><![CDATA[<font color="#263238"><b>Trydalcoholic</b></font>]]></author>
	<link>//goo.gl/pSwwUR</link>
	<!-- Materialize Template Settings: show fields -->
	<file path="catalog/language/ua-uk/product/product.php">
		<operation error="skip">
			<search><![CDATA[<?php]]></search>
			<add position="after"><![CDATA[
			$_['text_sku']			= 'Артикул';
			$_['text_upc']			= 'UPC';
			$_['text_ean']			= 'EAN';
			$_['text_jan']			= 'JAN';
			$_['text_isbn']			= 'ISBN';
			$_['text_mpn']			= 'MPN';
			$_['text_location']		= 'Розташування';
			$_['text_dimension']	= 'Розміри (Д х Ш х В)';
			$_['text_weight']		= 'Вага';
			$_['text_remainder']	= 'Залишок';
			]]></add>
		</operation>
	</file>
	<!-- Breadcrumbs -->
	<file path="catalog/language/ua-uk/ua-uk.php">
		<operation error="skip">
			<search><![CDATA[<i class="fa fa-home"></i>]]></search>
			<add position="replace"><![CDATA[<i class="material-icons">home</i>]]></add>
		</operation>
	</file>
	<!-- Labels -->
	<file path="admin/language/ua-uk/common/column_left.php">
		<operation error="skip">
			<search><![CDATA[<?php]]></search>
			<add position="after"><![CDATA[$_['text_labels']	= 'Етикетки';]]></add>
		</operation>
	</file>
	<file path="admin/language/ua-uk/catalog/product.php">
		<operation error="skip">
			<search><![CDATA[<?php]]></search>
			<add position="after"><![CDATA[$_['entry_labels']	= 'Етикетки';]]></add>
		</operation>
	</file>
	<!-- Size Chart -->
	<file path="admin/language/ua-uk/catalog/product.php">
		<operation error="skip">
			<search><![CDATA[<?php]]></search>
			<add position="after"><![CDATA[
			$_['tab_size_chart']	= 'Таблиця розмірів';
			$_['entry_size_chart']	= 'Таблиця розмірів';
			]]></add>
		</operation>
	</file>
	<file path="catalog/language/ua-uk/product/product.php">
		<operation error="skip">
			<search><![CDATA[<?php]]></search>
			<add position="after"><![CDATA[$_['text_size_chart']	= 'Таблиця розмірів';]]></add>
		</operation>
	</file>
	<!-- Timing -->
	<file path="catalog/language/ua-uk/product/product.php">
		<operation error="skip">
			<search><![CDATA[<?php]]></search>
			<add position="after"><![CDATA[
			// Months Full
			$_['text_months_full_january']		= 'Січень';
			$_['text_months_full_february']		= 'Лютий';
			$_['text_months_full_march']		= 'Березень';
			$_['text_months_full_april']		= 'Квітень';
			$_['text_months_full_may']			= 'Травень';
			$_['text_months_full_june']			= 'Червень';
			$_['text_months_full_july']			= 'Липень';
			$_['text_months_full_august']		= 'Серпень';
			$_['text_months_full_september']	= 'Вересень';
			$_['text_months_full_october']		= 'Жовтень';
			$_['text_months_full_november']		= 'Листопад';
			$_['text_months_full_december']		= 'Грудень';

			// Months Short
			$_['text_months_short_january']		= 'Січ';
			$_['text_months_short_february']	= 'Лют';
			$_['text_months_short_march']		= 'Бер';
			$_['text_months_short_april']		= 'Кві';
			$_['text_months_short_may']			= 'Тра';
			$_['text_months_short_june']		= 'Чер';
			$_['text_months_short_july']		= 'Лип';
			$_['text_months_short_august']		= 'Сер';
			$_['text_months_short_september']	= 'Вер';
			$_['text_months_short_october']		= 'Жов';
			$_['text_months_short_november']	= 'Лис';
			$_['text_months_short_december']	= 'Гру';

			// Weekdays Full
			$_['text_weekdays_full_sunday']		= 'Неділя';
			$_['text_weekdays_full_monday']		= 'Понеділок';
			$_['text_weekdays_full_tuesday']	= 'Вівторок';
			$_['text_weekdays_full_wednesday']	= 'Середа';
			$_['text_weekdays_full_thursday']	= 'Четвер';
			$_['text_weekdays_full_friday']		= 'П&#8216;ятниця';
			$_['text_weekdays_full_saturday']	= 'Субота';

			// Weekdays Short
			$_['text_weekdays_short_sunday']	= 'Нд';
			$_['text_weekdays_short_monday']	= 'Пн';
			$_['text_weekdays_short_tuesday']	= 'Вт';
			$_['text_weekdays_short_wednesday']	= 'Ср';
			$_['text_weekdays_short_thursday']	= 'Чт';
			$_['text_weekdays_short_friday']	= 'Пт';
			$_['text_weekdays_short_saturday']	= 'Сб';

			// Buttons
			$_['button_date_today']				= 'Сьогодні';
			$_['button_time_done']				= 'Вибрати';
			$_['button_datetime_clear']			= 'Очистити';
			$_['button_datetime_done']			= 'Закрити';

			// Settings
			$_['twelve_hour']					= 'false';
			$_['first_day']						= 1;
			]]></add>
		</operation>
	</file>
	<!-- Call Back -->
	<file path="admin/language/ua-uk/common/column_left.php">
		<operation error="skip">
			<search><![CDATA[<?php]]></search>
			<add position="after"><![CDATA[$_['text_callback']	= 'Зворотний дзвінок';]]></add>
		</operation>
	</file>
	<file path="catalog/language/ua-uk/common/header.php">
		<operation error="skip">
			<search><![CDATA[<?php]]></search>
			<add position="after"><![CDATA[$_['text_call_back']	= 'Дзвінок з сайту';]]></add>
		</operation>
	</file>
	<!-- Custom map -->
	<file path="catalog/language/ua-uk/information/contact.php">
		<operation error="skip">
			<search><![CDATA[<?php]]></search>
			<add position="after"><![CDATA[$_['text_view_map']	= 'Подивитися на карті';]]></add>
		</operation>
	</file>
	<!-- Default option -->
	<file path="admin/language/ua-uk/catalog/product.php">
		<operation error="skip">
			<search><![CDATA[<?php]]></search>
			<add position="after"><![CDATA[$_['entry_default_option']	= 'За замовчуванням';]]></add>
		</operation>
	</file>
	<!-- Blog -->
	<file path="catalog/language/ua-uk/common/header.php">
		<operation error="skip">
			<search><![CDATA[<?php]]></search>
			<add position="after"><![CDATA[$_['text_blog']	= 'Блог';]]></add>
		</operation>
	</file>
	<file path="admin/language/ua-uk/common/column_left.php">
		<operation error="skip">
			<search><![CDATA[<?php]]></search>
			<add position="after"><![CDATA[
			$_['text_blog']				= 'Блог';
			$_['text_blog_category']	= 'Категорії';
			$_['text_blog_post']		= 'Пости';
			$_['text_blog_author']		= 'Автори';
			$_['text_blog_comment']		= 'Коментарі';
			]]></add>
		</operation>
	</file>
	<!-- Additional Fields -->
	<file path="admin/language/ua-uk/catalog/product.php">
		<operation error="skip">
			<search><![CDATA[<?php]]></search>
			<add position="after"><![CDATA[
			$_['entry_title_additional']		= 'Назва поля';
			$_['button_additionalfield_add']	= 'Додати поле';
			$_['tab_additionalfield']			= 'Додаткові поля';
			]]></add>
		</operation>
	</file>
	<!-- Checking email -->
	<file path="catalog/language/ua-uk/{information,checkout,affiliate,account}/{contact,checkout,register,login,edit}*.php">
		<operation error="skip">
			<search><![CDATA[<?php]]></search>
			<add position="after"><![CDATA[
			$_['text_email_error']		= 'Помилка при введенні E-mail';
			$_['text_email_success']	= 'E-mail введений вірно';
			]]></add>
		</operation>
	</file>
	<!-- Your language settings Materialize -->
	<file path="catalog/language/ua-uk/common/header.php">
		<operation error="skip">
			<search><![CDATA[<?php]]></search>
			<add position="after"><![CDATA[
			$_['text_contact']		= 'Контакти';
			$_['text_about']		= 'Про нас';
			$_['text_delivery']		= 'Доставка';
			]]></add>
		</operation>
	</file>
	<file path="catalog/language/ua-uk/common/footer.php">
		<operation error="skip">
			<search><![CDATA[<a target="_blank" href="]]></search>
			<add position="replace"><![CDATA[<a target="_blank" rel="noopener" href="]]></add>
		</operation>
	</file>
	<file path="catalog/language/ua-uk/common/cart.php">
		<operation error="skip">
			<search><![CDATA[<?php]]></search>
			<add position="after"><![CDATA[
			$_['text_shopping_cart']	= 'Ваша корзина';
			$_['text_cat_says']			= 'Давай допоможу тобі витратити гроші :)';
			]]></add>
		</operation>
	</file>
	<file path="catalog/language/ua-uk/product/search.php">
		<operation error="skip">
			<search><![CDATA[<?php]]></search>
			<add position="after"><![CDATA[
			$_['text_searched']			= 'Ви шукали:';
			$_['text_refine']			= 'Уточнити категорію';
			$_['text_sort_short']		= 'Сортувати';
			$_['text_percent']			= 'Знижка';
			$_['text_more_detailed']	= 'Детальніше';
			]]></add>
		</operation>
	</file>
	<file path="catalog/language/ua-uk/product/category.php">
		<operation error="skip">
			<search><![CDATA[<?php]]></search>
			<add position="after"><![CDATA[
			$_['text_sort_short']		= 'Сортувати';
			$_['text_percent']			= 'Знижка';
			$_['text_more_detailed']	= 'Детальніше';
			$_['entry_instock']			= 'Показувати тільки в наявності';
			]]></add>
		</operation>
	</file>
	<file path="catalog/language/ua-uk/product/product.php">
		<operation error="skip">
			<search><![CDATA[<?php]]></search>
			<add position="after"><![CDATA[
			$_['text_category']					= 'Категорія';
			$_['text_bonus_points']				= 'бонусних балів за покупку';
			$_['text_end_promotion']			= 'Акція закінчиться';
			$_['text_percent']					= 'Знижка';
			$_['text_more_detailed']			= 'Детальніше';
			// PhotoSwipe
			$_['button_share']					= 'Поділитися';
			$_['button_pswp_close']				= 'Закрити (Esc)';
			$_['button_pswp_toggle_fullscreen']	= 'Включити повноекранний режим';
			$_['button_pswp_zoom']				= 'Збільшити/зменшити';
			$_['button_pswp_prev']				= 'Попередня (стрілка вліво)';
			$_['button_pswp_next']				= 'Наступна (стрілка вправо)';
			]]></add>
		</operation>
	</file>
	<file path="catalog/language/ua-uk/product/manufacturer.php">
		<operation error="skip">
			<search><![CDATA[<?php]]></search>
			<add position="after"><![CDATA[
			$_['text_manufacturers_starting']	= 'Всі виробники, що починаються на';
			$_['text_view_all_products']		= 'Переглянути всі товари';
			$_['text_sort_short']				= 'Сортувати';
			$_['text_percent']					= 'Знижка';
			$_['text_more_detailed']			= 'Детальніше';
			]]></add>
		</operation>
	</file>
	<file path="catalog/language/ua-uk/product/special.php">
		<operation error="skip">
			<search><![CDATA[<?php]]></search>
			<add position="after"><![CDATA[
			$_['text_sort_short']		= 'Сортувати';
			$_['text_percent']			= 'Знижка';
			$_['text_more_detailed']	= 'Детальніше';
			]]></add>
		</operation>
	</file>
	<file path="catalog/language/ua-uk/extension/module/{latest,bestseller,featured,special}*.php">
		<operation error="skip">
			<search><![CDATA[<?php]]></search>
			<add position="after"><![CDATA[
			$_['text_percent']			= 'Знижка';
			$_['text_more_detailed']	= 'Детальніше';
			]]></add>
		</operation>
	</file>
	<file path="catalog/language/ua-uk/common/header.php">
		<operation error="skip">
			<search><![CDATA[<?php]]></search>
			<add position="after"><![CDATA[$_['text_comparison_list']	= 'Порівняння товарів';]]></add>
		</operation>
	</file>
	<!-- Cart button -->
	<file path="admin/language/ua-uk/catalog/product.php">
		<operation error="skip">
			<search><![CDATA[<?php]]></search>
			<add position="after"><![CDATA[$_['entry_cart']	= 'Кнопка кошика';]]></add>
		</operation>
	</file>
	<!-- Custom Tabs -->
	<file path="admin/language/ua-uk/catalog/product.php">
		<operation error="skip">
			<search><![CDATA[<?php]]></search>
			<add position="after"><![CDATA[
			$_['entry_title']			= 'Назва вкладки';
			$_['button_customtab_add']	= 'Додати вкладку';
			$_['tab_customtab']			= 'Додаткові вкладки';
			$_['text_apply']			= 'Застосувати';
			]]></add>
		</operation>
	</file>
	<!-- Apply button -->
	<file path="admin/language/ua-uk/catalog/category.php">
		<operation error="skip">
			<search><![CDATA[<?php]]></search>
			<add position="after"><![CDATA[$_['text_apply']	= 'Застосувати';]]></add>
		</operation>
	</file>
</modification>